100.16666666666667,105.49999989999998,4,magenta_worm,33.97335894913138,15,0,23,5,3
173.5,96.16666656666666,3,orange_worm,29.22802019946174,15,0,23,5,3
173.5,96.16666656666666,3,orange_worm,34.821833531671984,15,0,23,5,3
85.5,188.16666656666666,0,red_worm,34.883079727070054,15,0,23,5,3
173.5,96.16666656666666,3,orange_worm,31.98305315708364,15,0,23,5,3
173.5,96.16666656666666,3,orange_worm,41.477691284989476,15,0,23,5,3
246.16666666666666,142.8333332333333,1,cyan_worm,32.317253011108726,15,0,23,5,3
85.5,188.16666656666666,0,red_worm,34.745841168639025,15,0,23,5,3
85.5,188.16666656666666,0,red_worm,34.346719916445856,15,0,23,5,3
173.5,96.16666656666666,3,orange_worm,32.71537781118995,15,0,23,5,3
85.5,188.16666656666666,0,red_worm,36.21694892526189,15,0,23,5,3
85.5,188.16666656666666,0,red_worm,33.42813258710135,15,0,23,5,3
173.5,96.16666656666666,3,orange_worm,38.16257313891765,15,0,23,5,3
173.5,96.16666656666666,3,orange_worm,32.8744167417216,15,0,23,5,3
173.5,96.16666656666666,3,orange_worm,34.055759028020944,15,0,23,5,3
64.83333333333333,176.16666656666663,0,red_worm,33.81907152579397,15,0,23,5,3
246.16666666666666,142.8333332333333,1,cyan_worm,35.92187083341065,15,0,23,5,3
85.5,188.16666656666666,0,red_worm,36.844840363268744,15,0,23,5,3
64.83333333333333,176.16666656666663,0,red_worm,34.71422853126012,15,0,23,5,3
64.83333333333333,176.16666656666663,0,red_worm,39.97524216711997,15,0,23,5,3
85.5,188.16666656666666,0,red_worm,32.53085124141132,15,0,23,5,3
100.16666666666667,105.49999989999998,4,magenta_worm,36.319594252005714,15,0,23,5,3
85.5,188.16666656666666,0,red_worm,33.41245017309846,15,0,23,5,3
85.5,188.16666656666666,0,red_worm,34.74549275795652,15,0,23,5,3
100.16666666666667,105.49999989999998,4,magenta_worm,31.854967946379116,15,0,23,5,3
85.5,188.16666656666666,0,red_worm,32.997322752328245,15,0,23,5,3
100.16666666666667,105.49999989999998,4,magenta_worm,29.188938924257013,15,0,23,5,3
85.5,188.16666656666666,0,red_worm,33.441434841330604,15,0,23,5,3
100.16666666666667,105.49999989999998,4,magenta_worm,36.0783361461747,15,0,23,5,3
64.83333333333333,176.16666656666663,0,red_worm,40.88157617170013,15,0,23,5,3
246.16666666666666,142.8333332333333,1,cyan_worm,32.3342846284053,15,0,23,5,3
173.5,96.16666656666666,3,orange_worm,36.72116743972265,15,0,23,5,3
246.16666666666666,142.8333332333333,1,cyan_worm,38.85550277910592,15,0,23,5,3
246.16666666666666,142.8333332333333,1,cyan_worm,35.9567712376876,15,0,23,5,3
85.5,188.16666656666666,0,red_worm,34.90916056769863,15,0,23,5,3
85.5,188.16666656666666,0,red_worm,33.09391350557493,15,0,23,5,3
173.5,96.16666656666666,3,orange_worm,35.9353289378002,15,0,23,5,3
85.5,188.16666656666666,0,red_worm,32.02892244681678,15,0,23,5,3
100.16666666666667,105.49999989999998,4,magenta_worm,32.928031033667565,15,0,23,5,3
64.83333333333333,176.16666656666663,0,red_worm,37.07989869375862,15,0,23,5,3
64.83333333333333,176.16666656666663,0,red_worm,33.06051658936838,15,0,23,5,3
100.16666666666667,105.49999989999998,4,magenta_worm,38.181935581024035,15,0,23,5,3
100.16666666666667,105.49999989999998,4,magenta_worm,36.761056658963525,15,0,23,5,3
173.5,96.16666656666666,3,orange_worm,39.23956605396921,15,0,23,5,3
64.83333333333333,176.16666656666663,0,red_worm,40.62924189185179,15,0,23,5,3
64.83333333333333,176.16666656666663,0,red_worm,33.75987085755096,15,0,23,5,3
173.5,96.16666656666666,3,orange_worm,29.13796622310843,15,0,23,5,3
85.5,188.16666656666666,0,red_worm,40.91405768715584,15,0,23,5,3
173.5,96.16666656666666,3,orange_worm,38.67803428333017,15,0,23,5,3
85.5,188.16666656666666,0,red_worm,40.03772189336533,15,0,23,5,3
85.5,188.16666656666666,0,red_worm,28.931383784905456,15,0,23,5,3
85.5,188.16666656666666,0,red_worm,31.20733971714379,15,0,23,5,3
64.83333333333333,176.16666656666663,0,red_worm,32.77536342753988,15,0,23,5,3
64.83333333333333,176.16666656666663,0,red_worm,33.012283761430815,15,0,23,5,3
64.83333333333333,176.16666656666663,0,red_worm,35.00792474433861,15,0,23,5,3
64.83333333333333,176.16666656666663,0,red_worm,38.07220158718921,15,0,23,5,3
173.5,96.16666656666666,3,orange_worm,33.81350186708072,15,0,23,5,3
246.16666666666666,142.8333332333333,1,cyan_worm,31.79470582106913,15,0,23,5,3
100.16666666666667,105.49999989999998,4,magenta_worm,33.43104029523271,15,0,23,5,3
100.16666666666667,105.49999989999998,4,magenta_worm,36.94797785094674,15,0,23,5,3
100.16666666666667,105.49999989999998,4,magenta_worm,27.889866435949877,15,0,23,5,3
246.16666666666666,142.8333332333333,1,cyan_worm,37.94928825497142,15,0,23,5,3
100.16666666666667,105.49999989999998,4,magenta_worm,33.135899518079,15,0,23,5,3
85.5,188.16666656666666,0,red_worm,36.8147697648029,15,0,23,5,3
85.5,188.16666656666666,0,red_worm,34.642644895948344,15,0,23,5,3
100.16666666666667,105.49999989999998,4,magenta_worm,35.55111513573711,15,0,23,5,3
85.5,188.16666656666666,0,red_worm,35.63252300980091,15,0,23,5,3
64.83333333333333,176.16666656666663,0,red_worm,31.30584766644439,15,0,23,5,3
246.16666666666666,142.8333332333333,1,cyan_worm,36.16883096496057,15,0,23,5,3
85.5,188.16666656666666,0,red_worm,36.92383549879764,15,0,23,5,3
85.5,188.16666656666666,0,red_worm,31.289413025095126,15,0,23,5,3
64.83333333333333,176.16666656666663,0,red_worm,26.299294796860096,15,0,23,5,3
64.83333333333333,176.16666656666663,0,red_worm,37.0453929985014,15,0,23,5,3
246.16666666666666,142.8333332333333,1,cyan_worm,34.73827302204718,15,0,23,5,3
85.5,188.16666656666666,0,red_worm,34.83461379840096,15,0,23,5,3
246.16666666666666,142.8333332333333,1,cyan_worm,31.51831522323765,15,0,23,5,3
100.16666666666667,105.49999989999998,4,magenta_worm,31.4058347431464,15,0,23,5,3
85.5,188.16666656666666,0,red_worm,33.15912994471798,15,0,23,5,3
173.5,96.16666656666666,3,orange_worm,35.77421523653379,15,0,23,5,3
85.5,188.16666656666666,0,red_worm,37.728680303993585,15,0,23,5,3
85.5,188.16666656666666,0,red_worm,35.1860772861772,15,0,23,5,3
246.16666666666666,142.8333332333333,1,cyan_worm,37.76486059047064,15,0,23,5,3
85.5,188.16666656666666,0,red_worm,33.69540289738278,15,0,23,5,3
64.83333333333333,176.16666656666663,0,red_worm,35.78993723519012,15,0,23,5,3
85.5,188.16666656666666,0,red_worm,33.57541021198651,15,0,23,5,3
85.5,188.16666656666666,0,red_worm,37.87320057273234,15,0,23,5,3
173.5,96.16666656666666,3,orange_worm,31.918408369858653,15,0,23,5,3
85.5,188.16666656666666,0,red_worm,39.934479878406066,15,0,23,5,3
85.5,188.16666656666666,0,red_worm,33.42516331617754,15,0,23,5,3
85.5,188.16666656666666,0,red_worm,32.434440040060565,15,0,23,5,3
85.5,188.16666656666666,0,red_worm,34.71941066368711,15,0,23,5,3
100.16666666666667,105.49999989999998,4,magenta_worm,31.593945165582127,15,0,23,5,3
85.5,188.16666656666666,0,red_worm,33.96374438637689,15,0,23,5,3
64.83333333333333,176.16666656666663,0,red_worm,32.17996837677994,15,0,23,5,3
173.5,96.16666656666666,3,orange_worm,37.24815496366881,15,0,23,5,3
64.83333333333333,176.16666656666663,0,red_worm,33.70226475200585,15,0,23,5,3
173.5,96.16666656666666,3,orange_worm,33.85874728914962,15,0,23,5,3
64.83333333333333,176.16666656666663,0,red_worm,36.512613062540076,15,0,23,5,3
246.16666666666666,142.8333332333333,1,cyan_worm,34.24377385678737,15,0,23,5,3
246.16666666666666,142.8333332333333,1,cyan_worm,34.51567244179898,15,0,23,5,3
173.5,96.16666656666666,3,orange_worm,35.90481351734914,15,0,23,5,3
246.16666666666666,142.8333332333333,1,cyan_worm,37.50349634609883,15,0,23,5,3
100.16666666666667,105.49999989999998,4,magenta_worm,43.19065985592265,15,0,23,5,3
173.5,96.16666656666666,3,orange_worm,34.38724098213579,15,0,23,5,3
246.16666666666666,142.8333332333333,1,cyan_worm,31.791413038329615,15,0,23,5,3
246.16666666666666,142.8333332333333,1,cyan_worm,35.216058310649586,15,0,23,5,3
100.16666666666667,105.49999989999998,4,magenta_worm,36.65320601943581,15,0,23,5,3
246.16666666666666,142.8333332333333,1,cyan_worm,29.07899768187063,15,0,23,5,3
173.5,96.16666656666666,3,orange_worm,33.817640012964475,15,0,23,5,3
64.83333333333333,176.16666656666663,0,red_worm,32.87831407103232,15,0,23,5,3
100.16666666666667,105.49999989999998,4,magenta_worm,37.83966850101821,15,0,23,5,3
173.5,96.16666656666666,3,orange_worm,24.99121360242134,15,0,23,5,3
246.16666666666666,142.8333332333333,1,cyan_worm,37.551915327103856,15,0,23,5,3
100.16666666666667,105.49999989999998,4,magenta_worm,33.45794246420445,15,0,23,5,3
100.16666666666667,105.49999989999998,4,magenta_worm,31.28802907014832,15,0,23,5,3
85.5,188.16666656666666,0,red_worm,36.530662086239815,15,0,23,5,3
85.5,188.16666656666666,0,red_worm,36.78693160176664,15,0,23,5,3
246.16666666666666,142.8333332333333,1,cyan_worm,36.66845827097745,15,0,23,5,3
100.16666666666667,105.49999989999998,4,magenta_worm,35.89727640758335,15,0,23,5,3
246.16666666666666,142.8333332333333,1,cyan_worm,35.60825461695988,15,0,23,5,3
85.5,188.16666656666666,0,red_worm,39.40069054520485,15,0,23,5,3
100.16666666666667,105.49999989999998,4,magenta_worm,40.23616561669602,15,0,23,5,3
100.16666666666667,105.49999989999998,4,magenta_worm,38.14451243330375,15,0,23,5,3
100.16666666666667,105.49999989999998,4,magenta_worm,37.15778776753348,15,0,23,5,3
85.5,188.16666656666666,0,red_worm,38.09163223250525,15,0,23,5,3
64.83333333333333,176.16666656666663,0,red_worm,35.92378176919763,15,0,23,5,3
173.5,96.16666656666666,3,orange_worm,33.843855201547356,15,0,23,5,3
100.16666666666667,105.49999989999998,4,magenta_worm,31.373000787403512,15,0,23,5,3
85.5,188.16666656666666,0,red_worm,35.247611662325866,15,0,23,5,3
85.5,188.16666656666666,0,red_worm,38.6533554623026,15,0,23,5,3
64.83333333333333,176.16666656666663,0,red_worm,34.9575890930134,15,0,23,5,3
64.83333333333333,176.16666656666663,0,red_worm,34.32523840956351,15,0,23,5,3
85.5,188.16666656666666,0,red_worm,36.82861839553735,15,0,23,5,3
64.83333333333333,176.16666656666663,0,red_worm,41.30292218363689,15,0,23,5,3
85.5,188.16666656666666,0,red_worm,36.541897137326174,15,0,23,5,3
85.5,188.16666656666666,0,red_worm,30.212089798884058,15,0,23,5,3
246.16666666666666,142.8333332333333,1,cyan_worm,32.795172609586864,15,0,23,5,3
173.5,96.16666656666666,3,orange_worm,36.78353626287007,15,0,23,5,3
85.5,188.16666656666666,0,red_worm,38.51594859515234,15,0,23,5,3
100.16666666666667,105.49999989999998,4,magenta_worm,37.04917275186568,15,0,23,5,3
85.5,188.16666656666666,0,red_worm,36.9289544749572,15,0,23,5,3
246.16666666666666,142.8333332333333,1,cyan_worm,32.43599948865182,15,0,23,5,3
64.83333333333333,176.16666656666663,0,red_worm,32.54923468678686,15,0,23,5,3
85.5,188.16666656666666,0,red_worm,33.11276938682171,15,0,23,5,3
100.16666666666667,105.49999989999998,4,magenta_worm,34.728774730785815,15,0,23,5,3
246.16666666666666,142.8333332333333,1,cyan_worm,31.389818054343614,15,0,23,5,3
64.83333333333333,176.16666656666663,0,red_worm,33.92844979967142,15,0,23,5,3
100.16666666666667,105.49999989999998,4,magenta_worm,34.18395023449882,15,0,23,5,3
85.5,188.16666656666666,0,red_worm,39.80756333066398,15,0,23,5,3
85.5,188.16666656666666,0,red_worm,33.82396205604662,15,0,23,5,3
85.5,188.16666656666666,0,red_worm,40.01959612418589,15,0,23,5,3
246.16666666666666,142.8333332333333,1,cyan_worm,33.877851131646565,15,0,23,5,3
173.5,96.16666656666666,3,orange_worm,38.76400756495449,15,0,23,5,3
85.5,188.16666656666666,0,red_worm,34.20050113037043,15,0,23,5,3
85.5,188.16666656666666,0,red_worm,30.282763709847934,15,0,23,5,3
85.5,188.16666656666666,0,red_worm,41.61547769142297,15,0,23,5,3
246.16666666666666,142.8333332333333,1,cyan_worm,29.94210949431528,15,0,23,5,3
85.5,188.16666656666666,0,red_worm,32.60322292793967,15,0,23,5,3
100.16666666666667,105.49999989999998,4,magenta_worm,29.05987850717204,15,0,23,5,3
173.5,96.16666656666666,3,orange_worm,39.40438714961327,15,0,23,5,3
173.5,96.16666656666666,3,orange_worm,39.800324491327046,15,0,23,5,3
85.5,188.16666656666666,0,red_worm,40.054903779394174,15,0,23,5,3
173.5,96.16666656666666,3,orange_worm,35.871247747688685,15,0,23,5,3
173.5,96.16666656666666,3,orange_worm,33.89605597170252,15,0,23,5,3
64.83333333333333,176.16666656666663,0,red_worm,30.177648311383074,15,0,23,5,3
100.16666666666667,105.49999989999998,4,magenta_worm,36.6631352602417,15,0,23,5,3
173.5,96.16666656666666,3,orange_worm,38.656766585088754,15,0,23,5,3
85.5,188.16666656666666,0,red_worm,33.77021095152382,15,0,23,5,3
246.16666666666666,142.8333332333333,1,cyan_worm,31.906496362115725,15,0,23,5,3
173.5,96.16666656666666,3,orange_worm,33.72241606914385,15,0,23,5,3
246.16666666666666,142.8333332333333,1,cyan_worm,35.364849475475154,15,0,23,5,3
85.5,188.16666656666666,0,red_worm,36.97462215629537,15,0,23,5,3
85.5,188.16666656666666,0,red_worm,35.79235107514252,15,0,23,5,3
100.16666666666667,105.49999989999998,4,magenta_worm,32.72304478589801,15,0,23,5,3
246.16666666666666,142.8333332333333,1,cyan_worm,29.23975220856824,15,0,23,5,3
100.16666666666667,105.49999989999998,4,magenta_worm,29.122914849772783,15,0,23,5,3
246.16666666666666,142.8333332333333,1,cyan_worm,35.39591607123481,15,0,23,5,3
85.5,188.16666656666666,0,red_worm,32.706400543386906,15,0,23,5,3
85.5,188.16666656666666,0,red_worm,39.388168077802554,15,0,23,5,3
173.5,96.16666656666666,3,orange_worm,34.88191611118859,15,0,23,5,3
100.16666666666667,105.49999989999998,4,magenta_worm,32.0935209421238,15,0,23,5,3
246.16666666666666,142.8333332333333,1,cyan_worm,35.58424552463647,15,0,23,5,3
64.83333333333333,176.16666656666663,0,red_worm,35.27838575867452,15,0,23,5,3
246.16666666666666,142.8333332333333,1,cyan_worm,35.47288133217772,15,0,23,5,3
64.83333333333333,176.16666656666663,0,red_worm,37.72084589473439,15,0,23,5,3
85.5,188.16666656666666,0,red_worm,40.55298074079711,15,0,23,5,3
100.16666666666667,105.49999989999998,4,magenta_worm,36.53641828451723,15,0,23,5,3
100.16666666666667,105.49999989999998,4,magenta_worm,41.3720831079966,15,0,23,5,3
64.83333333333333,176.16666656666663,0,red_worm,34.33194489327782,15,0,23,5,3
173.5,96.16666656666666,3,orange_worm,29.253843658698763,15,0,23,5,3
85.5,188.16666656666666,0,red_worm,34.74278987998737,15,0,23,5,3
64.83333333333333,176.16666656666663,0,red_worm,29.738136086590046,15,0,23,5,3
64.83333333333333,176.16666656666663,0,red_worm,29.487269036847813,15,0,23,5,3
85.5,188.16666656666666,0,red_worm,35.78958111965221,15,0,23,5,3
64.83333333333333,176.16666656666663,0,red_worm,36.35313158833071,15,0,23,5,3
85.5,188.16666656666666,0,red_worm,34.891068637675474,15,0,23,5,3
85.5,188.16666656666666,0,red_worm,36.662640428596546,15,0,23,5,3
64.83333333333333,176.16666656666663,0,red_worm,30.405946078675317,15,0,23,5,3
85.5,188.16666656666666,0,red_worm,40.64855527934333,15,0,23,5,3
85.5,188.16666656666666,0,red_worm,32.13989764585138,15,0,23,5,3
64.83333333333333,176.16666656666663,0,red_worm,34.42524360881998,15,0,23,5,3
85.5,188.16666656666666,0,red_worm,33.46314999961062,15,0,23,5,3
64.83333333333333,176.16666656666663,0,red_worm,41.76452848623971,15,0,23,5,3
100.16666666666667,105.49999989999998,4,magenta_worm,31.391958938053897,15,0,23,5,3
85.5,188.16666656666666,0,red_worm,34.9513706087179,15,0,23,5,3
64.83333333333333,176.16666656666663,0,red_worm,36.33353862809402,15,0,23,5,3
85.5,188.16666656666666,0,red_worm,35.85388631180565,15,0,23,5,3
85.5,188.16666656666666,0,red_worm,29.71549976426889,15,0,23,5,3
85.5,188.16666656666666,0,red_worm,31.92328895283423,15,0,23,5,3
85.5,188.16666656666666,0,red_worm,39.69943770964511,15,0,23,5,3
100.16666666666667,105.49999989999998,4,magenta_worm,33.84499912144925,15,0,23,5,3
85.5,188.16666656666666,0,red_worm,37.157919375115526,15,0,23,5,3
64.83333333333333,176.16666656666663,0,red_worm,36.26971357873995,15,0,23,5,3
100.16666666666667,105.49999989999998,4,magenta_worm,37.12385939268158,15,0,23,5,3
246.16666666666666,142.8333332333333,1,cyan_worm,36.11298327251407,15,0,23,5,3
85.5,188.16666656666666,0,red_worm,34.8929540667169,15,0,23,5,3
64.83333333333333,176.16666656666663,0,red_worm,35.5197180081866,15,0,23,5,3
85.5,188.16666656666666,0,red_worm,36.25939511884487,15,0,23,5,3
85.5,188.16666656666666,0,red_worm,35.91029438491512,15,0,23,5,3
173.5,96.16666656666666,3,orange_worm,33.06921036594565,15,0,23,5,3
100.16666666666667,105.49999989999998,4,magenta_worm,31.631931875711658,15,0,23,5,3
100.16666666666667,105.49999989999998,4,magenta_worm,34.279487774877396,15,0,23,5,3
246.16666666666666,142.8333332333333,1,cyan_worm,36.2796332570765,15,0,23,5,3
85.5,188.16666656666666,0,red_worm,31.50244222544739,15,0,23,5,3
85.5,188.16666656666666,0,red_worm,32.83077441632497,15,0,23,5,3
246.16666666666666,142.8333332333333,1,cyan_worm,33.31903885992992,15,0,23,5,3
85.5,188.16666656666666,0,red_worm,36.47936139672354,15,0,23,5,3
173.5,96.16666656666666,3,orange_worm,34.39391537923129,15,0,23,5,3
64.83333333333333,176.16666656666663,0,red_worm,39.14668214767646,15,0,23,5,3
173.5,96.16666656666666,3,orange_worm,33.14386560243331,15,0,23,5,3
100.16666666666667,105.49999989999998,4,magenta_worm,30.989371417574922,15,0,23,5,3
85.5,188.16666656666666,0,red_worm,34.667821456036236,15,0,23,5,3
173.5,96.16666656666666,3,orange_worm,30.596568052015908,15,0,23,5,3
85.5,188.16666656666666,0,red_worm,33.9643946973688,15,0,23,5,3
64.83333333333333,176.16666656666663,0,red_worm,32.97638941459519,15,0,23,5,3
246.16666666666666,142.8333332333333,1,cyan_worm,31.70167601902197,15,0,23,5,3
173.5,96.16666656666666,3,orange_worm,32.716078737666436,15,0,23,5,3
85.5,188.16666656666666,0,red_worm,35.661016463270656,15,0,23,5,3
85.5,188.16666656666666,0,red_worm,41.67411419999094,15,0,23,5,3
100.16666666666667,105.49999989999998,4,magenta_worm,33.772311886122715,15,0,23,5,3
246.16666666666666,142.8333332333333,1,cyan_worm,35.13876982694091,15,0,23,5,3
173.5,96.16666656666666,3,orange_worm,35.60470904824433,15,0,23,5,3
100.16666666666667,105.49999989999998,4,magenta_worm,30.87852081988262,15,0,23,5,3
173.5,96.16666656666666,3,orange_worm,36.55115666048896,15,0,23,5,3
246.16666666666666,142.8333332333333,1,cyan_worm,33.07527645580969,15,0,23,5,3
246.16666666666666,142.8333332333333,1,cyan_worm,38.11318393361728,15,0,23,5,3
246.16666666666666,142.8333332333333,1,cyan_worm,39.55959937343617,15,0,23,5,3
85.5,188.16666656666666,0,red_worm,35.73247540593263,15,0,23,5,3
100.16666666666667,105.49999989999998,4,magenta_worm,38.916156163748624,15,0,23,5,3
85.5,188.16666656666666,0,red_worm,33.81495959181903,15,0,23,5,3
173.5,96.16666656666666,3,orange_worm,35.05286153662633,15,0,23,5,3
85.5,188.16666656666666,0,red_worm,35.98677288236061,15,0,23,5,3
85.5,188.16666656666666,0,red_worm,33.33408877807594,15,0,23,5,3
64.83333333333333,176.16666656666663,0,red_worm,35.08755347583778,15,0,23,5,3
85.5,188.16666656666666,0,red_worm,39.94689640751383,15,0,23,5,3
100.16666666666667,105.49999989999998,4,magenta_worm,38.43713960968732,15,0,23,5,3
85.5,188.16666656666666,0,red_worm,34.55992628508349,15,0,23,5,3
100.16666666666667,105.49999989999998,4,magenta_worm,38.004050316761905,15,0,23,5,3
64.83333333333333,176.16666656666663,0,red_worm,33.161418216067176,15,0,23,5,3
85.5,188.16666656666666,0,red_worm,37.58316869344214,15,0,23,5,3
64.83333333333333,176.16666656666663,0,red_worm,36.82102972543369,15,0,23,5,3
64.83333333333333,176.16666656666663,0,red_worm,33.99636045265818,15,0,23,5,3
173.5,96.16666656666666,3,orange_worm,33.367990745588514,15,0,23,5,3
64.83333333333333,176.16666656666663,0,red_worm,35.20457194332499,15,0,23,5,3
85.5,188.16666656666666,0,red_worm,31.284023338283717,15,0,23,5,3
100.16666666666667,105.49999989999998,4,magenta_worm,35.708980010759994,15,0,23,5,3
173.5,96.16666656666666,3,orange_worm,40.803871878528355,15,0,23,5,3
85.5,188.16666656666666,0,red_worm,32.641533795947566,15,0,23,5,3
100.16666666666667,105.49999989999998,4,magenta_worm,35.456674652210054,15,0,23,5,3
246.16666666666666,142.8333332333333,1,cyan_worm,29.78185035181548,15,0,23,5,3
246.16666666666666,142.8333332333333,1,cyan_worm,33.91541354229731,15,0,23,5,3
246.16666666666666,142.8333332333333,1,cyan_worm,32.233037204805825,15,0,23,5,3
100.16666666666667,105.49999989999998,4,magenta_worm,36.907532621642275,15,0,23,5,3
85.5,188.16666656666666,0,red_worm,32.67824622094106,15,0,23,5,3
85.5,188.16666656666666,0,red_worm,30.666037610843254,15,0,23,5,3
64.83333333333333,176.16666656666663,0,red_worm,34.72730801639699,15,0,23,5,3
173.5,96.16666656666666,3,orange_worm,36.21338343350403,15,0,23,5,3
173.5,96.16666656666666,3,orange_worm,34.866979787039824,15,0,23,5,3
100.16666666666667,105.49999989999998,4,magenta_worm,32.21321945014172,15,0,23,5,3
85.5,188.16666656666666,0,red_worm,33.844401062934026,15,0,23,5,3
85.5,188.16666656666666,0,red_worm,31.440362084539306,15,0,23,5,3
64.83333333333333,176.16666656666663,0,red_worm,32.82136340747356,15,0,23,5,3
246.16666666666666,142.8333332333333,1,cyan_worm,33.02024881215334,15,0,23,5,3
64.83333333333333,176.16666656666663,0,red_worm,35.28959394779626,15,0,23,5,3
64.83333333333333,176.16666656666663,0,red_worm,36.2315176067619,15,0,23,5,3
85.5,188.16666656666666,0,red_worm,39.30396684735176,15,0,23,5,3
85.5,188.16666656666666,0,red_worm,33.76901303161897,15,0,23,5,3
100.16666666666667,105.49999989999998,4,magenta_worm,37.144985991305916,15,0,23,5,3
100.16666666666667,105.49999989999998,4,magenta_worm,35.660784505572494,15,0,23,5,3
85.5,188.16666656666666,0,red_worm,37.6847484597871,15,0,23,5,3
64.83333333333333,176.16666656666663,0,red_worm,36.986797911543526,15,0,23,5,3
173.5,96.16666656666666,3,orange_worm,31.748999851169433,15,0,23,5,3
85.5,188.16666656666666,0,red_worm,32.04185062976807,15,0,23,5,3
85.5,188.16666656666666,0,red_worm,30.395483017575902,15,0,23,5,3
85.5,188.16666656666666,0,red_worm,37.76621768805617,15,0,23,5,3
85.5,188.16666656666666,0,red_worm,34.883518057987416,15,0,23,5,3
246.16666666666666,142.8333332333333,1,cyan_worm,37.66149884288441,15,0,23,5,3
64.83333333333333,176.16666656666663,0,red_worm,33.348822689348104,15,0,23,5,3
246.16666666666666,142.8333332333333,1,cyan_worm,32.55971875061282,15,0,23,5,3
64.83333333333333,176.16666656666663,0,red_worm,34.681571565510495,15,0,23,5,3
64.83333333333333,176.16666656666663,0,red_worm,36.55131791054612,15,0,23,5,3
85.5,188.16666656666666,0,red_worm,34.36132779582483,15,0,23,5,3
246.16666666666666,142.8333332333333,1,cyan_worm,34.23288048159295,15,0,23,5,3
100.16666666666667,105.49999989999998,4,magenta_worm,30.27389045504681,15,0,23,5,3
100.16666666666667,105.49999989999998,4,magenta_worm,32.28397128794641,15,0,23,5,3
246.16666666666666,142.8333332333333,1,cyan_worm,39.96540404709701,15,0,23,5,3
246.16666666666666,142.8333332333333,1,cyan_worm,32.989200906410765,15,0,23,5,3
246.16666666666666,142.8333332333333,1,cyan_worm,33.12117525466685,15,0,23,5,3
100.16666666666667,105.49999989999998,4,magenta_worm,35.68296848774119,15,0,23,5,3
85.5,188.16666656666666,0,red_worm,33.67482387529418,15,0,23,5,3
246.16666666666666,142.8333332333333,1,cyan_worm,36.73993320066424,15,0,23,5,3
85.5,188.16666656666666,0,red_worm,33.99246870076627,15,0,23,5,3
100.16666666666667,105.49999989999998,4,magenta_worm,37.79473327173659,15,0,23,5,3
85.5,188.16666656666666,0,red_worm,31.520435880937587,15,0,23,5,3
85.5,188.16666656666666,0,red_worm,27.195120304471946,15,0,23,5,3
246.16666666666666,142.8333332333333,1,cyan_worm,35.929059975176415,15,0,23,5,3
85.5,188.16666656666666,0,red_worm,37.261267192586004,15,0,23,5,3
246.16666666666666,142.8333332333333,1,cyan_worm,37.98914322982608,15,0,23,5,3
246.16666666666666,142.8333332333333,1,cyan_worm,31.49311615939485,15,0,23,5,3
173.5,96.16666656666666,3,orange_worm,38.97087268460588,15,0,23,5,3
85.5,188.16666656666666,0,red_worm,35.09775799891467,15,0,23,5,3
246.16666666666666,142.8333332333333,1,cyan_worm,32.13660581477286,15,0,23,5,3
100.16666666666667,105.49999989999998,4,magenta_worm,34.07212688238664,15,0,23,5,3
85.5,188.16666656666666,0,red_worm,34.22681748191866,15,0,23,5,3
100.16666666666667,105.49999989999998,4,magenta_worm,31.889972241984722,15,0,23,5,3
85.5,188.16666656666666,0,red_worm,34.21723000414147,15,0,23,5,3
173.5,96.16666656666666,3,orange_worm,33.01328066307575,15,0,23,5,3
85.5,188.16666656666666,0,red_worm,28.94630001232792,15,0,23,5,3
100.16666666666667,105.49999989999998,4,magenta_worm,32.845987220590565,15,0,23,5,3
100.16666666666667,105.49999989999998,4,magenta_worm,29.74986497529064,15,0,23,5,3
246.16666666666666,142.8333332333333,1,cyan_worm,29.62723725813121,15,0,23,5,3
100.16666666666667,105.49999989999998,4,magenta_worm,38.911185337416285,15,0,23,5,3
64.83333333333333,176.16666656666663,0,red_worm,35.05700335271197,15,0,23,5,3
173.5,96.16666656666666,3,orange_worm,35.61203131643386,15,0,23,5,3
64.83333333333333,176.16666656666663,0,red_worm,34.35814735598548,15,0,23,5,3
100.16666666666667,105.49999989999998,4,magenta_worm,34.58183352046949,15,0,23,5,3
246.16666666666666,142.8333332333333,1,cyan_worm,40.08334622561828,15,0,23,5,3
173.5,96.16666656666666,3,orange_worm,31.235516772376663,15,0,23,5,3
85.5,188.16666656666666,0,red_worm,37.46829677646288,15,0,23,5,3
100.16666666666667,105.49999989999998,4,magenta_worm,35.499845920399665,15,0,23,5,3
173.5,96.16666656666666,3,orange_worm,33.049179397668,15,0,23,5,3
85.5,188.16666656666666,0,red_worm,34.56445751522557,15,0,23,5,3
246.16666666666666,142.8333332333333,1,cyan_worm,38.49695674226649,15,0,23,5,3
173.5,96.16666656666666,3,orange_worm,37.018353634880214,15,0,23,5,3
85.5,188.16666656666666,0,red_worm,31.753521704965078,15,0,23,5,3
85.5,188.16666656666666,0,red_worm,34.89153691722939,15,0,23,5,3
85.5,188.16666656666666,0,red_worm,35.93042578865398,15,0,23,5,3
173.5,96.16666656666666,3,orange_worm,38.245718196318265,15,0,23,5,3
246.16666666666666,142.8333332333333,1,cyan_worm,33.85272498217014,15,0,23,5,3
246.16666666666666,142.8333332333333,1,cyan_worm,35.16186313397819,15,0,23,5,3
85.5,188.16666656666666,0,red_worm,39.08299134909769,15,0,23,5,3
246.16666666666666,142.8333332333333,1,cyan_worm,34.61211478639805,15,0,23,5,3
173.5,96.16666656666666,3,orange_worm,37.96708493815872,15,0,23,5,3
64.83333333333333,176.16666656666663,0,red_worm,37.48069858800034,15,0,23,5,3
85.5,188.16666656666666,0,red_worm,29.54025054615394,15,0,23,5,3
173.5,96.16666656666666,3,orange_worm,37.40572518112606,15,0,23,5,3
100.16666666666667,105.49999989999998,4,magenta_worm,33.435345424738316,15,0,23,5,3
85.5,188.16666656666666,0,red_worm,33.441869382043784,15,0,23,5,3
173.5,96.16666656666666,3,orange_worm,32.89503388335136,15,0,23,5,3
85.5,188.16666656666666,0,red_worm,41.39070242641577,15,0,23,5,3
246.16666666666666,142.8333332333333,1,cyan_worm,35.175088014535916,15,0,23,5,3
64.83333333333333,176.16666656666663,0,red_worm,35.83773062719459,15,0,23,5,3
246.16666666666666,142.8333332333333,1,cyan_worm,33.95715040239896,15,0,23,5,3
85.5,188.16666656666666,0,red_worm,37.33450744577759,15,0,23,5,3
173.5,96.16666656666666,3,orange_worm,29.694252775261262,15,0,23,5,3
246.16666666666666,142.8333332333333,1,cyan_worm,27.54243426696101,15,0,23,5,3
100.16666666666667,105.49999989999998,4,magenta_worm,36.40441193926171,15,0,23,5,3
100.16666666666667,105.49999989999998,4,magenta_worm,30.03544819724746,15,0,23,5,3
64.83333333333333,176.16666656666663,0,red_worm,38.3533902198795,15,0,23,5,3
85.5,188.16666656666666,0,red_worm,31.715529938285254,15,0,23,5,3
173.5,96.16666656666666,3,orange_worm,31.77008981172341,15,0,23,5,3
246.16666666666666,142.8333332333333,1,cyan_worm,37.69485496349775,15,0,23,5,3
64.83333333333333,176.16666656666663,0,red_worm,34.28731459460265,15,0,23,5,3
173.5,96.16666656666666,3,orange_worm,32.799893347461115,15,0,23,5,3
85.5,188.16666656666666,0,red_worm,31.91601346762247,15,0,23,5,3
173.5,96.16666656666666,3,orange_worm,29.787652938434412,15,0,23,5,3
246.16666666666666,142.8333332333333,1,cyan_worm,31.11472052501504,15,0,23,5,3
85.5,188.16666656666666,0,red_worm,28.31412716587387,15,0,23,5,3
246.16666666666666,142.8333332333333,1,cyan_worm,32.62464884453933,15,0,23,5,3
85.5,188.16666656666666,0,red_worm,35.03959405293616,15,0,23,5,3
64.83333333333333,176.16666656666663,0,red_worm,34.450791952363495,15,0,23,5,3
173.5,96.16666656666666,3,orange_worm,38.21451331707674,15,0,23,5,3
85.5,188.16666656666666,0,red_worm,36.304093190525464,15,0,23,5,3
85.5,188.16666656666666,0,red_worm,33.17408536102522,15,0,23,5,3
85.5,188.16666656666666,0,red_worm,38.42186691567507,15,0,23,5,3
100.16666666666667,105.49999989999998,4,magenta_worm,30.935251240382428,15,0,23,5,3
173.5,96.16666656666666,3,orange_worm,34.83859649475046,15,0,23,5,3
246.16666666666666,142.8333332333333,1,cyan_worm,35.866093840083515,15,0,23,5,3
173.5,96.16666656666666,3,orange_worm,35.69743008180954,15,0,23,5,3
173.5,96.16666656666666,3,orange_worm,35.22390134159593,15,0,23,5,3
173.5,96.16666656666666,3,orange_worm,37.159857540641426,15,0,23,5,3
85.5,188.16666656666666,0,red_worm,36.159368636816296,15,0,23,5,3
173.5,96.16666656666666,3,orange_worm,34.108303582583055,15,0,23,5,3
246.16666666666666,142.8333332333333,1,cyan_worm,32.53806965783622,15,0,23,5,3
173.5,96.16666656666666,3,orange_worm,38.475372809788,15,0,23,5,3
173.5,96.16666656666666,3,orange_worm,33.18198947725338,15,0,23,5,3
100.16666666666667,105.49999989999998,4,magenta_worm,35.43037973939744,15,0,23,5,3
64.83333333333333,176.16666656666663,0,red_worm,37.60210466722858,15,0,23,5,3
64.83333333333333,176.16666656666663,0,red_worm,28.648648675567514,15,0,23,5,3
85.5,188.16666656666666,0,red_worm,38.71858548296496,15,0,23,5,3
64.83333333333333,176.16666656666663,0,red_worm,34.807660042246255,15,0,23,5,3
85.5,188.16666656666666,0,red_worm,32.50548852764953,15,0,23,5,3
85.5,188.16666656666666,0,red_worm,37.74690477050828,15,0,23,5,3
246.16666666666666,142.8333332333333,1,cyan_worm,39.88944568035963,15,0,23,5,3
64.83333333333333,176.16666656666663,0,red_worm,34.672731324720296,15,0,23,5,3
173.5,96.16666656666666,3,orange_worm,34.48100334656323,15,0,23,5,3
173.5,96.16666656666666,3,orange_worm,34.1750624737631,15,0,23,5,3
246.16666666666666,142.8333332333333,1,cyan_worm,37.54368241334976,15,0,23,5,3
173.5,96.16666656666666,3,orange_worm,32.53049252066944,15,0,23,5,3
246.16666666666666,142.8333332333333,1,cyan_worm,37.16788294669214,15,0,23,5,3
85.5,188.16666656666666,0,red_worm,32.54197447156229,15,0,23,5,3
85.5,188.16666656666666,0,red_worm,38.60734327517055,15,0,23,5,3
173.5,96.16666656666666,3,orange_worm,39.43117189538836,15,0,23,5,3
246.16666666666666,142.8333332333333,1,cyan_worm,33.18417815960771,15,0,23,5,3
173.5,96.16666656666666,3,orange_worm,37.14524597252293,15,0,23,5,3
64.83333333333333,176.16666656666663,0,red_worm,39.21283962031039,15,0,23,5,3
246.16666666666666,142.8333332333333,1,cyan_worm,36.34395388989175,15,0,23,5,3
85.5,188.16666656666666,0,red_worm,37.73699817209495,15,0,23,5,3
64.83333333333333,176.16666656666663,0,red_worm,38.86297496087357,15,0,23,5,3
64.83333333333333,176.16666656666663,0,red_worm,33.121836892386696,15,0,23,5,3
100.16666666666667,105.49999989999998,4,magenta_worm,33.52233635440918,15,0,23,5,3
85.5,188.16666656666666,0,red_worm,37.97584179945588,15,0,23,5,3
85.5,188.16666656666666,0,red_worm,32.66512509442499,15,0,23,5,3
64.83333333333333,176.16666656666663,0,red_worm,34.93648102280835,15,0,23,5,3
246.16666666666666,142.8333332333333,1,cyan_worm,34.08217819116332,15,0,23,5,3
85.5,188.16666656666666,0,red_worm,39.35242571557698,15,0,23,5,3
85.5,188.16666656666666,0,red_worm,37.563631108919814,15,0,23,5,3
85.5,188.16666656666666,0,red_worm,31.306550266422555,15,0,23,5,3
246.16666666666666,142.8333332333333,1,cyan_worm,36.14755162274626,15,0,23,5,3
85.5,188.16666656666666,0,red_worm,30.002180102424994,15,0,23,5,3
100.16666666666667,105.49999989999998,4,magenta_worm,39.617659166649034,15,0,23,5,3
85.5,188.16666656666666,0,red_worm,35.79617919576397,15,0,23,5,3
173.5,96.16666656666666,3,orange_worm,33.775692923947446,15,0,23,5,3
173.5,96.16666656666666,3,orange_worm,31.255173620069307,15,0,23,5,3
64.83333333333333,176.16666656666663,0,red_worm,39.238596468831304,15,0,23,5,3
64.83333333333333,176.16666656666663,0,red_worm,40.314286651905576,15,0,23,5,3
85.5,188.16666656666666,0,red_worm,31.806794842468655,15,0,23,5,3
246.16666666666666,142.8333332333333,1,cyan_worm,37.44925183423836,15,0,23,5,3
173.5,96.16666656666666,3,orange_worm,33.361857451175865,15,0,23,5,3
85.5,188.16666656666666,0,red_worm,35.678516370742514,15,0,23,5,3
173.5,96.16666656666666,3,orange_worm,38.72945944283567,15,0,23,5,3
64.83333333333333,176.16666656666663,0,red_worm,33.607621147970164,15,0,23,5,3
173.5,96.16666656666666,3,orange_worm,36.79108344880744,15,0,23,5,3
100.16666666666667,105.49999989999998,4,magenta_worm,33.2602920715166,15,0,23,5,3
85.5,188.16666656666666,0,red_worm,37.657546419023014,15,0,23,5,3
85.5,188.16666656666666,0,red_worm,31.622761531992886,15,0,23,5,3
85.5,188.16666656666666,0,red_worm,34.15146205182032,15,0,23,5,3
85.5,188.16666656666666,0,red_worm,35.081273501745486,15,0,23,5,3
64.83333333333333,176.16666656666663,0,red_worm,35.06314398120221,15,0,23,5,3
246.16666666666666,142.8333332333333,1,cyan_worm,36.070561991031674,15,0,23,5,3
85.5,188.16666656666666,0,red_worm,36.57322937562377,15,0,23,5,3
64.83333333333333,176.16666656666663,0,red_worm,28.802680052673914,15,0,23,5,3
85.5,188.16666656666666,0,red_worm,34.65864715620202,15,0,23,5,3
246.16666666666666,142.8333332333333,1,cyan_worm,38.036212393856076,15,0,23,5,3
100.16666666666667,105.49999989999998,4,magenta_worm,36.2370895893017,15,0,23,5,3
100.16666666666667,105.49999989999998,4,magenta_worm,34.777681627643815,15,0,23,5,3
85.5,188.16666656666666,0,red_worm,29.730357922718873,15,0,23,5,3
64.83333333333333,176.16666656666663,0,red_worm,30.751609305707102,15,0,23,5,3
246.16666666666666,142.8333332333333,1,cyan_worm,35.48667059307101,15,0,23,5,3
64.83333333333333,176.16666656666663,0,red_worm,31.55769895703918,15,0,23,5,3
85.5,188.16666656666666,0,red_worm,38.09525672301903,15,0,23,5,3
100.16666666666667,105.49999989999998,4,magenta_worm,39.619244739094185,15,0,23,5,3
85.5,188.16666656666666,0,red_worm,35.052564369380775,15,0,23,5,3
100.16666666666667,105.49999989999998,4,magenta_worm,31.336070419608912,15,0,23,5,3
100.16666666666667,105.49999989999998,4,magenta_worm,35.82676072929152,15,0,23,5,3
246.16666666666666,142.8333332333333,1,cyan_worm,32.3087114979796,15,0,23,5,3
173.5,96.16666656666666,3,orange_worm,36.59548767585528,15,0,23,5,3
64.83333333333333,176.16666656666663,0,red_worm,38.766253255244564,15,0,23,5,3
64.83333333333333,176.16666656666663,0,red_worm,30.198997873405514,15,0,23,5,3
85.5,188.16666656666666,0,red_worm,34.21931874905485,15,0,23,5,3
173.5,96.16666656666666,3,orange_worm,34.46670728172985,15,0,23,5,3
173.5,96.16666656666666,3,orange_worm,30.31082203403286,15,0,23,5,3
64.83333333333333,176.16666656666663,0,red_worm,33.99946597403629,15,0,23,5,3
100.16666666666667,105.49999989999998,4,magenta_worm,34.21693463975754,15,0,23,5,3
85.5,188.16666656666666,0,red_worm,30.455210908925906,15,0,23,5,3
100.16666666666667,105.49999989999998,4,magenta_worm,33.99194504415544,15,0,23,5,3
246.16666666666666,142.8333332333333,1,cyan_worm,33.69618234162532,15,0,23,5,3
85.5,188.16666656666666,0,red_worm,32.81353307969437,15,0,23,5,3
85.5,188.16666656666666,0,red_worm,29.68440817331519,15,0,23,5,3
246.16666666666666,142.8333332333333,1,cyan_worm,37.71631374822557,15,0,23,5,3
246.16666666666666,142.8333332333333,1,cyan_worm,37.63383821299384,15,0,23,5,3
85.5,188.16666656666666,0,red_worm,37.76001535135027,15,0,23,5,3
173.5,96.16666656666666,3,orange_worm,30.923269931031847,15,0,23,5,3
100.16666666666667,105.49999989999998,4,magenta_worm,33.7659400299589,15,0,23,5,3
173.5,96.16666656666666,3,orange_worm,32.133869508482505,15,0,23,5,3
85.5,188.16666656666666,0,red_worm,29.509633649436864,15,0,23,5,3
246.16666666666666,142.8333332333333,1,cyan_worm,36.701595412518635,15,0,23,5,3
85.5,188.16666656666666,0,red_worm,34.51203114627753,15,0,23,5,3
246.16666666666666,142.8333332333333,1,cyan_worm,37.3983768475474,15,0,23,5,3
64.83333333333333,176.16666656666663,0,red_worm,34.92452706416705,15,0,23,5,3
173.5,96.16666656666666,3,orange_worm,36.95626408159673,15,0,23,5,3
246.16666666666666,142.8333332333333,1,cyan_worm,36.787808961280135,15,0,23,5,3
173.5,96.16666656666666,3,orange_worm,32.04916867235932,15,0,23,5,3
85.5,188.16666656666666,0,red_worm,32.135680299506646,15,0,23,5,3
100.16666666666667,105.49999989999998,4,magenta_worm,34.04246010692495,15,0,23,5,3
85.5,188.16666656666666,0,red_worm,31.3497821518688,15,0,23,5,3
246.16666666666666,142.8333332333333,1,cyan_worm,36.39694998047478,15,0,23,5,3
100.16666666666667,105.49999989999998,4,magenta_worm,34.793589237103646,15,0,23,5,3
246.16666666666666,142.8333332333333,1,cyan_worm,35.31112620723346,15,0,23,5,3
85.5,188.16666656666666,0,red_worm,31.40459028413286,15,0,23,5,3
85.5,188.16666656666666,0,red_worm,27.80299029416087,15,0,23,5,3
100.16666666666667,105.49999989999998,4,magenta_worm,35.65132830706704,15,0,23,5,3
100.16666666666667,105.49999989999998,4,magenta_worm,30.12240925996135,15,0,23,5,3
85.5,188.16666656666666,0,red_worm,31.90825807669772,15,0,23,5,3
173.5,96.16666656666666,3,orange_worm,27.696272811724135,15,0,23,5,3
85.5,188.16666656666666,0,red_worm,29.235303816422217,15,0,23,5,3
64.83333333333333,176.16666656666663,0,red_worm,36.435449060676945,15,0,23,5,3
64.83333333333333,176.16666656666663,0,red_worm,39.737018923404385,15,0,23,5,3
173.5,96.16666656666666,3,orange_worm,33.755781399185665,15,0,23,5,3
85.5,188.16666656666666,0,red_worm,32.45524043083337,15,0,23,5,3
173.5,96.16666656666666,3,orange_worm,30.485099139853986,15,0,23,5,3
100.16666666666667,105.49999989999998,4,magenta_worm,33.985502874820476,15,0,23,5,3
85.5,188.16666656666666,0,red_worm,33.02719789288835,15,0,23,5,3
64.83333333333333,176.16666656666663,0,red_worm,32.46663139850669,15,0,23,5,3
100.16666666666667,105.49999989999998,4,magenta_worm,33.09816341788385,15,0,23,5,3
85.5,188.16666656666666,0,red_worm,34.96936185866198,15,0,23,5,3
246.16666666666666,142.8333332333333,1,cyan_worm,29.830668946799822,15,0,23,5,3
85.5,188.16666656666666,0,red_worm,34.420296134240246,15,0,23,5,3
246.16666666666666,142.8333332333333,1,cyan_worm,35.415244862773704,15,0,23,5,3
64.83333333333333,176.16666656666663,0,red_worm,31.781526609119304,15,0,23,5,3
173.5,96.16666656666666,3,orange_worm,30.74773528428602,15,0,23,5,3
246.16666666666666,142.8333332333333,1,cyan_worm,35.541279150854336,15,0,23,5,3
85.5,188.16666656666666,0,red_worm,34.02549499456657,15,0,23,5,3
246.16666666666666,142.8333332333333,1,cyan_worm,39.9291561642125,15,0,23,5,3
64.83333333333333,176.16666656666663,0,red_worm,31.098125139467975,15,0,23,5,3
173.5,96.16666656666666,3,orange_worm,34.37534146119356,15,0,23,5,3
246.16666666666666,142.8333332333333,1,cyan_worm,37.321594761227445,15,0,23,5,3
85.5,188.16666656666666,0,red_worm,35.082981210386436,15,0,23,5,3
246.16666666666666,142.8333332333333,1,cyan_worm,39.17340970518262,15,0,23,5,3
246.16666666666666,142.8333332333333,1,cyan_worm,34.70603508314048,15,0,23,5,3
173.5,96.16666656666666,3,orange_worm,38.23956232318341,15,0,23,5,3
246.16666666666666,142.8333332333333,1,cyan_worm,35.86546111883651,15,0,23,5,3
246.16666666666666,142.8333332333333,1,cyan_worm,32.914932769322114,15,0,23,5,3
85.5,188.16666656666666,0,red_worm,31.842734667549735,15,0,23,5,3
64.83333333333333,176.16666656666663,0,red_worm,34.12787950492266,15,0,23,5,3
85.5,188.16666656666666,0,red_worm,34.53232486172102,15,0,23,5,3
64.83333333333333,176.16666656666663,0,red_worm,38.424923944700716,15,0,23,5,3
85.5,188.16666656666666,0,red_worm,32.25791174531726,15,0,23,5,3
173.5,96.16666656666666,3,orange_worm,35.24108075931624,15,0,23,5,3
173.5,96.16666656666666,3,orange_worm,31.258183598467063,15,0,23,5,3
85.5,188.16666656666666,0,red_worm,36.09071512814753,15,0,23,5,3
100.16666666666667,105.49999989999998,4,magenta_worm,34.69749715218815,15,0,23,5,3
100.16666666666667,105.49999989999998,4,magenta_worm,31.97282181524171,15,0,23,5,3
173.5,96.16666656666666,3,orange_worm,35.751191762358204,15,0,23,5,3
64.83333333333333,176.16666656666663,0,red_worm,33.64605866705635,15,0,23,5,3
85.5,188.16666656666666,0,red_worm,30.473281827005845,15,0,23,5,3
246.16666666666666,142.8333332333333,1,cyan_worm,25.65779902374944,15,0,23,5,3
173.5,96.16666656666666,3,orange_worm,33.793628347015314,15,0,23,5,3
85.5,188.16666656666666,0,red_worm,31.557411576251706,15,0,23,5,3
85.5,188.16666656666666,0,red_worm,31.82749238345857,15,0,23,5,3
85.5,188.16666656666666,0,red_worm,33.58175285212202,15,0,23,5,3
64.83333333333333,176.16666656666663,0,red_worm,32.53386046121153,15,0,23,5,3
85.5,188.16666656666666,0,red_worm,39.80541858970998,15,0,23,5,3
85.5,188.16666656666666,0,red_worm,32.86619892119364,15,0,23,5,3
173.5,96.16666656666666,3,orange_worm,35.386447688665655,15,0,23,5,3
100.16666666666667,105.49999989999998,4,magenta_worm,31.03990559322079,15,0,23,5,3
64.83333333333333,176.16666656666663,0,red_worm,33.91767421302543,15,0,23,5,3
246.16666666666666,142.8333332333333,1,cyan_worm,40.36491101323368,15,0,23,5,3
64.83333333333333,176.16666656666663,0,red_worm,37.37101590632034,15,0,23,5,3
100.16666666666667,105.49999989999998,4,magenta_worm,35.09242039410161,15,0,23,5,3
85.5,188.16666656666666,0,red_worm,33.676082013323395,15,0,23,5,3
246.16666666666666,142.8333332333333,1,cyan_worm,38.466595719115745,15,0,23,5,3
100.16666666666667,105.49999989999998,4,magenta_worm,33.69306718864799,15,0,23,5,3
246.16666666666666,142.8333332333333,1,cyan_worm,34.82636598045083,15,0,23,5,3
85.5,188.16666656666666,0,red_worm,34.95144164705903,15,0,23,5,3
173.5,96.16666656666666,3,orange_worm,38.02275124979621,15,0,23,5,3
64.83333333333333,176.16666656666663,0,red_worm,37.72006496443173,15,0,23,5,3
85.5,188.16666656666666,0,red_worm,31.24741749716179,15,0,23,5,3
85.5,188.16666656666666,0,red_worm,38.572666626062656,15,0,23,5,3
246.16666666666666,142.8333332333333,1,cyan_worm,34.71639913645528,15,0,23,5,3
85.5,188.16666656666666,0,red_worm,35.750787271232966,15,0,23,5,3
246.16666666666666,142.8333332333333,1,cyan_worm,34.71586222479014,15,0,23,5,3
173.5,96.16666656666666,3,orange_worm,33.115041572681946,15,0,23,5,3
64.83333333333333,176.16666656666663,0,red_worm,33.529174146290046,15,0,23,5,3
100.16666666666667,105.49999989999998,4,magenta_worm,31.19511311853487,15,0,23,5,3
85.5,188.16666656666666,0,red_worm,34.10352857561573,15,0,23,5,3
100.16666666666667,105.49999989999998,4,magenta_worm,33.575483657883694,15,0,23,5,3
173.5,96.16666656666666,3,orange_worm,33.19909890019296,15,0,23,5,3
100.16666666666667,105.49999989999998,4,magenta_worm,36.313641633858296,15,0,23,5,3
246.16666666666666,142.8333332333333,1,cyan_worm,38.05855443547868,15,0,23,5,3
100.16666666666667,105.49999989999998,4,magenta_worm,30.988468388947204,15,0,23,5,3
64.83333333333333,176.16666656666663,0,red_worm,39.01607617812334,15,0,23,5,3
64.83333333333333,176.16666656666663,0,red_worm,36.443979809569655,15,0,23,5,3
173.5,96.16666656666666,3,orange_worm,37.64986993614882,15,0,23,5,3
64.83333333333333,176.16666656666663,0,red_worm,34.10461523524749,15,0,23,5,3
64.83333333333333,176.16666656666663,0,red_worm,35.91822922209587,15,0,23,5,3
85.5,188.16666656666666,0,red_worm,29.709210983108576,15,0,23,5,3
64.83333333333333,176.16666656666663,0,red_worm,35.744128485471535,15,0,23,5,3
85.5,188.16666656666666,0,red_worm,35.49791034170397,15,0,23,5,3
246.16666666666666,142.8333332333333,1,cyan_worm,33.740383215287245,15,0,23,5,3
85.5,188.16666656666666,0,red_worm,30.83754475541649,15,0,23,5,3
246.16666666666666,142.8333332333333,1,cyan_worm,42.117585244809476,15,0,23,5,3
64.83333333333333,176.16666656666663,0,red_worm,39.92017242898307,15,0,23,5,3
100.16666666666667,105.49999989999998,4,magenta_worm,35.389132625711376,15,0,23,5,3
85.5,188.16666656666666,0,red_worm,33.04344964050925,15,0,23,5,3
173.5,96.16666656666666,3,orange_worm,37.10466149356935,15,0,23,5,3
173.5,96.16666656666666,3,orange_worm,38.337738170880655,15,0,23,5,3
85.5,188.16666656666666,0,red_worm,40.9204483123452,15,0,23,5,3
64.83333333333333,176.16666656666663,0,red_worm,35.39441580956172,15,0,23,5,3
246.16666666666666,142.8333332333333,1,cyan_worm,37.97660593383918,15,0,23,5,3
85.5,188.16666656666666,0,red_worm,37.39980920360938,15,0,23,5,3
100.16666666666667,105.49999989999998,4,magenta_worm,40.29520409823934,15,0,23,5,3
173.5,96.16666656666666,3,orange_worm,34.78429265464344,15,0,23,5,3
64.83333333333333,176.16666656666663,0,red_worm,39.94669290799696,15,0,23,5,3
173.5,96.16666656666666,3,orange_worm,33.44550997446203,15,0,23,5,3
85.5,188.16666656666666,0,red_worm,38.51080548482017,15,0,23,5,3
246.16666666666666,142.8333332333333,1,cyan_worm,38.587712828026746,15,0,23,5,3
100.16666666666667,105.49999989999998,4,magenta_worm,35.80335594693071,15,0,23,5,3
246.16666666666666,142.8333332333333,1,cyan_worm,38.41439121568483,15,0,23,5,3
64.83333333333333,176.16666656666663,0,red_worm,29.36832494411393,15,0,23,5,3
246.16666666666666,142.8333332333333,1,cyan_worm,28.399741483118333,15,0,23,5,3
64.83333333333333,176.16666656666663,0,red_worm,34.48407637816764,15,0,23,5,3
85.5,188.16666656666666,0,red_worm,34.8422845807641,15,0,23,5,3
85.5,188.16666656666666,0,red_worm,38.65805519538618,15,0,23,5,3
246.16666666666666,142.8333332333333,1,cyan_worm,33.116399948786054,15,0,23,5,3
100.16666666666667,105.49999989999998,4,magenta_worm,39.81708764325215,15,0,23,5,3
100.16666666666667,105.49999989999998,4,magenta_worm,38.594522512518175,15,0,23,5,3
246.16666666666666,142.8333332333333,1,cyan_worm,33.99561973412035,15,0,23,5,3
64.83333333333333,176.16666656666663,0,red_worm,32.371804152890164,15,0,23,5,3
85.5,188.16666656666666,0,red_worm,36.503892506230684,15,0,23,5,3
64.83333333333333,176.16666656666663,0,red_worm,35.116217563796184,15,0,23,5,3
246.16666666666666,142.8333332333333,1,cyan_worm,38.254053656176346,15,0,23,5,3
173.5,96.16666656666666,3,orange_worm,40.13824112234566,15,0,23,5,3
85.5,188.16666656666666,0,red_worm,33.51724507032232,15,0,23,5,3
85.5,188.16666656666666,0,red_worm,36.69903890430358,15,0,23,5,3
85.5,188.16666656666666,0,red_worm,37.9707808793635,15,0,23,5,3
100.16666666666667,105.49999989999998,4,magenta_worm,35.6425034233391,15,0,23,5,3
85.5,188.16666656666666,0,red_worm,35.666327838582674,15,0,23,5,3
64.83333333333333,176.16666656666663,0,red_worm,38.670180816986274,15,0,23,5,3
246.16666666666666,142.8333332333333,1,cyan_worm,33.10916156286666,15,0,23,5,3
85.5,188.16666656666666,0,red_worm,34.24733650018126,15,0,23,5,3
85.5,188.16666656666666,0,red_worm,37.96087085750391,15,0,23,5,3
85.5,188.16666656666666,0,red_worm,35.457109388959054,15,0,23,5,3
64.83333333333333,176.16666656666663,0,red_worm,37.2459736047407,15,0,23,5,3
85.5,188.16666656666666,0,red_worm,34.94843282067448,15,0,23,5,3
100.16666666666667,105.49999989999998,4,magenta_worm,34.890657198908215,15,0,23,5,3
173.5,96.16666656666666,3,orange_worm,40.094496083744446,15,0,23,5,3
173.5,96.16666656666666,3,orange_worm,32.943859175853994,15,0,23,5,3
85.5,188.16666656666666,0,red_worm,35.06781659581645,15,0,23,5,3
246.16666666666666,142.8333332333333,1,cyan_worm,46.055319636045176,15,0,23,5,3
85.5,188.16666656666666,0,red_worm,38.28289092563636,15,0,23,5,3
64.83333333333333,176.16666656666663,0,red_worm,36.61338324776059,15,0,23,5,3
246.16666666666666,142.8333332333333,1,cyan_worm,34.578469462812734,15,0,23,5,3
85.5,188.16666656666666,0,red_worm,36.129353663027494,15,0,23,5,3
85.5,188.16666656666666,0,red_worm,37.16368875477332,15,0,23,5,3
85.5,188.16666656666666,0,red_worm,34.53804497474239,15,0,23,5,3
246.16666666666666,142.8333332333333,1,cyan_worm,31.890373622883345,15,0,23,5,3
246.16666666666666,142.8333332333333,1,cyan_worm,31.077101648571823,15,0,23,5,3
85.5,188.16666656666666,0,red_worm,33.66083146218217,15,0,23,5,3
64.83333333333333,176.16666656666663,0,red_worm,31.049096094151455,15,0,23,5,3
85.5,188.16666656666666,0,red_worm,29.405349222404325,15,0,23,5,3
100.16666666666667,105.49999989999998,4,magenta_worm,31.791921537944013,15,0,23,5,3
100.16666666666667,105.49999989999998,4,magenta_worm,37.050510722727665,15,0,23,5,3
85.5,188.16666656666666,0,red_worm,38.24538435852563,15,0,23,5,3
100.16666666666667,105.49999989999998,4,magenta_worm,31.742221235098302,15,0,23,5,3
246.16666666666666,142.8333332333333,1,cyan_worm,34.6687312023199,15,0,23,5,3
100.16666666666667,105.49999989999998,4,magenta_worm,32.75518407669492,15,0,23,5,3
85.5,188.16666656666666,0,red_worm,36.41448747438161,15,0,23,5,3
85.5,188.16666656666666,0,red_worm,38.49660757595427,15,0,23,5,3
85.5,188.16666656666666,0,red_worm,32.99545705912367,15,0,23,5,3
100.16666666666667,105.49999989999998,4,magenta_worm,37.45739778919788,15,0,23,5,3
85.5,188.16666656666666,0,red_worm,26.576575774790378,15,0,23,5,3
85.5,188.16666656666666,0,red_worm,37.61052765053532,15,0,23,5,3
85.5,188.16666656666666,0,red_worm,35.549595984374875,15,0,23,5,3
100.16666666666667,105.49999989999998,4,magenta_worm,34.562744632424995,15,0,23,5,3
173.5,96.16666656666666,3,orange_worm,36.299704780866804,15,0,23,5,3
100.16666666666667,105.49999989999998,4,magenta_worm,35.16719301461886,15,0,23,5,3
100.16666666666667,105.49999989999998,4,magenta_worm,33.14447213356301,15,0,23,5,3
173.5,96.16666656666666,3,orange_worm,34.45101016327985,15,0,23,5,3
85.5,188.16666656666666,0,red_worm,39.53235766545168,15,0,23,5,3
64.83333333333333,176.16666656666663,0,red_worm,35.77235578668151,15,0,23,5,3
173.5,96.16666656666666,3,orange_worm,36.240078343173145,15,0,23,5,3
246.16666666666666,142.8333332333333,1,cyan_worm,35.71227881315352,15,0,23,5,3
173.5,96.16666656666666,3,orange_worm,36.366955841800916,15,0,23,5,3
246.16666666666666,142.8333332333333,1,cyan_worm,33.957182233866085,15,0,23,5,3
64.83333333333333,176.16666656666663,0,red_worm,38.98227823180285,15,0,23,5,3
173.5,96.16666656666666,3,orange_worm,35.80612357554361,15,0,23,5,3
173.5,96.16666656666666,3,orange_worm,35.292271417423215,15,0,23,5,3
85.5,188.16666656666666,0,red_worm,31.113084525091015,15,0,23,5,3
64.83333333333333,176.16666656666663,0,red_worm,39.78181987374587,15,0,23,5,3
100.16666666666667,105.49999989999998,4,magenta_worm,32.4429005367796,15,0,23,5,3
64.83333333333333,176.16666656666663,0,red_worm,34.653618250838534,15,0,23,5,3
64.83333333333333,176.16666656666663,0,red_worm,35.439340483250746,15,0,23,5,3
100.16666666666667,105.49999989999998,4,magenta_worm,35.42129655041707,15,0,23,5,3
85.5,188.16666656666666,0,red_worm,32.893083378241776,15,0,23,5,3
64.83333333333333,176.16666656666663,0,red_worm,38.83254151783392,15,0,23,5,3
64.83333333333333,176.16666656666663,0,red_worm,30.883690348339773,15,0,23,5,3
173.5,96.16666656666666,3,orange_worm,28.43967170899156,15,0,23,5,3
85.5,188.16666656666666,0,red_worm,35.02753593929286,15,0,23,5,3
85.5,188.16666656666666,0,red_worm,31.838628061448873,15,0,23,5,3
100.16666666666667,105.49999989999998,4,magenta_worm,39.55569531256586,15,0,23,5,3
85.5,188.16666656666666,0,red_worm,34.23648532244918,15,0,23,5,3
64.83333333333333,176.16666656666663,0,red_worm,37.326594897499795,15,0,23,5,3
64.83333333333333,176.16666656666663,0,red_worm,30.549054144385863,15,0,23,5,3
85.5,188.16666656666666,0,red_worm,36.33586080973012,15,0,23,5,3
64.83333333333333,176.16666656666663,0,red_worm,33.96116158821103,15,0,23,5,3
173.5,96.16666656666666,3,orange_worm,34.1468685488297,15,0,23,5,3
100.16666666666667,105.49999989999998,4,magenta_worm,40.62520318834938,15,0,23,5,3
85.5,188.16666656666666,0,red_worm,35.753140714373515,15,0,23,5,3
64.83333333333333,176.16666656666663,0,red_worm,33.092718716058805,15,0,23,5,3
64.83333333333333,176.16666656666663,0,red_worm,27.921342238930944,15,0,23,5,3
64.83333333333333,176.16666656666663,0,red_worm,37.051945466850036,15,0,23,5,3
173.5,96.16666656666666,3,orange_worm,33.06183311518203,15,0,23,5,3
173.5,96.16666656666666,3,orange_worm,34.152761244159024,15,0,23,5,3
100.16666666666667,105.49999989999998,4,magenta_worm,41.38228593937755,15,0,23,5,3
85.5,188.16666656666666,0,red_worm,33.94765283933934,15,0,23,5,3
100.16666666666667,105.49999989999998,4,magenta_worm,28.08101288338748,15,0,23,5,3
64.83333333333333,176.16666656666663,0,red_worm,29.700272185719,15,0,23,5,3
100.16666666666667,105.49999989999998,4,magenta_worm,33.643204200774065,15,0,23,5,3
85.5,188.16666656666666,0,red_worm,34.869193713945606,15,0,23,5,3
173.5,96.16666656666666,3,orange_worm,35.551053856375646,15,0,23,5,3
64.83333333333333,176.16666656666663,0,red_worm,37.19563339131321,15,0,23,5,3
85.5,188.16666656666666,0,red_worm,31.607486088958204,15,0,23,5,3
100.16666666666667,105.49999989999998,4,magenta_worm,40.53545774908008,15,0,23,5,3
173.5,96.16666656666666,3,orange_worm,32.92200172799522,15,0,23,5,3
64.83333333333333,176.16666656666663,0,red_worm,35.74436100139072,15,0,23,5,3
173.5,96.16666656666666,3,orange_worm,37.73118745992573,15,0,23,5,3
173.5,96.16666656666666,3,orange_worm,29.964074040920757,15,0,23,5,3
85.5,188.16666656666666,0,red_worm,34.572051035158246,15,0,23,5,3
173.5,96.16666656666666,3,orange_worm,28.44600968644216,15,0,23,5,3
246.16666666666666,142.8333332333333,1,cyan_worm,37.867627553676236,15,0,23,5,3
246.16666666666666,142.8333332333333,1,cyan_worm,35.135328907673596,15,0,23,5,3
173.5,96.16666656666666,3,orange_worm,35.64832712462699,15,0,23,5,3
64.83333333333333,176.16666656666663,0,red_worm,29.142601977917764,15,0,23,5,3
246.16666666666666,142.8333332333333,1,cyan_worm,32.95461304959103,15,0,23,5,3
64.83333333333333,176.16666656666663,0,red_worm,33.05444288978177,15,0,23,5,3
246.16666666666666,142.8333332333333,1,cyan_worm,35.113164399741336,15,0,23,5,3
100.16666666666667,105.49999989999998,4,magenta_worm,37.72634062797934,15,0,23,5,3
85.5,188.16666656666666,0,red_worm,36.004815727469605,15,0,23,5,3
173.5,96.16666656666666,3,orange_worm,34.04112212516164,15,0,23,5,3
64.83333333333333,176.16666656666663,0,red_worm,38.76287319060156,15,0,23,5,3
100.16666666666667,105.49999989999998,4,magenta_worm,37.207822463960255,15,0,23,5,3
64.83333333333333,176.16666656666663,0,red_worm,29.83108041902847,15,0,23,5,3
173.5,96.16666656666666,3,orange_worm,38.12559460816256,15,0,23,5,3
246.16666666666666,142.8333332333333,1,cyan_worm,31.555062218612107,15,0,23,5,3
64.83333333333333,176.16666656666663,0,red_worm,32.105966532364285,15,0,23,5,3
100.16666666666667,105.49999989999998,4,magenta_worm,36.28272492899545,15,0,23,5,3
64.83333333333333,176.16666656666663,0,red_worm,41.57811247359656,15,0,23,5,3
64.83333333333333,176.16666656666663,0,red_worm,35.0710574471038,15,0,23,5,3
100.16666666666667,105.49999989999998,4,magenta_worm,34.80272401477742,15,0,23,5,3
100.16666666666667,105.49999989999998,4,magenta_worm,31.40129752712672,15,0,23,5,3
246.16666666666666,142.8333332333333,1,cyan_worm,32.19544838833376,15,0,23,5,3
100.16666666666667,105.49999989999998,4,magenta_worm,35.23009852758334,15,0,23,5,3
173.5,96.16666656666666,3,orange_worm,32.108808456925125,15,0,23,5,3
173.5,96.16666656666666,3,orange_worm,33.749634273412006,15,0,23,5,3
85.5,188.16666656666666,0,red_worm,36.21443174605362,15,0,23,5,3
246.16666666666666,142.8333332333333,1,cyan_worm,34.012530924942425,15,0,23,5,3
85.5,188.16666656666666,0,red_worm,37.34459074699898,15,0,23,5,3
64.83333333333333,176.16666656666663,0,red_worm,32.04705057570037,15,0,23,5,3
246.16666666666666,142.8333332333333,1,cyan_worm,36.2072886888703,15,0,23,5,3
100.16666666666667,105.49999989999998,4,magenta_worm,38.524811553051244,15,0,23,5,3
64.83333333333333,176.16666656666663,0,red_worm,31.64321917777087,15,0,23,5,3
173.5,96.16666656666666,3,orange_worm,30.703833911859277,15,0,23,5,3
246.16666666666666,142.8333332333333,1,cyan_worm,32.32931851651138,15,0,23,5,3
100.16666666666667,105.49999989999998,4,magenta_worm,37.574619272223146,15,0,23,5,3
173.5,96.16666656666666,3,orange_worm,35.18670416759828,15,0,23,5,3
64.83333333333333,176.16666656666663,0,red_worm,34.697005307584945,15,0,23,5,3
64.83333333333333,176.16666656666663,0,red_worm,32.2044269723696,15,0,23,5,3
85.5,188.16666656666666,0,red_worm,32.39445646610618,15,0,23,5,3
173.5,96.16666656666666,3,orange_worm,30.238112346444968,15,0,23,5,3
64.83333333333333,176.16666656666663,0,red_worm,37.567111195940996,15,0,23,5,3
100.16666666666667,105.49999989999998,4,magenta_worm,30.667237944340865,15,0,23,5,3
85.5,188.16666656666666,0,red_worm,37.25666344398328,15,0,23,5,3
246.16666666666666,142.8333332333333,1,cyan_worm,35.81759622765683,15,0,23,5,3
85.5,188.16666656666666,0,red_worm,34.19272429881268,15,0,23,5,3
100.16666666666667,105.49999989999998,4,magenta_worm,34.32596201401734,15,0,23,5,3
173.5,96.16666656666666,3,orange_worm,38.1026403782555,15,0,23,5,3
100.16666666666667,105.49999989999998,4,magenta_worm,32.01590423738398,15,0,23,5,3
100.16666666666667,105.49999989999998,4,magenta_worm,35.228014853510466,15,0,23,5,3
173.5,96.16666656666666,3,orange_worm,31.40151219320879,15,0,23,5,3
85.5,188.16666656666666,0,red_worm,35.177643399493945,15,0,23,5,3
173.5,96.16666656666666,3,orange_worm,33.086747857675824,15,0,23,5,3
85.5,188.16666656666666,0,red_worm,32.09397408175255,15,0,23,5,3
64.83333333333333,176.16666656666663,0,red_worm,37.90077047511687,15,0,23,5,3
246.16666666666666,142.8333332333333,1,cyan_worm,35.493786455627074,15,0,23,5,3
85.5,188.16666656666666,0,red_worm,36.930437014154464,15,0,23,5,3
100.16666666666667,105.49999989999998,4,magenta_worm,32.01204602008933,15,0,23,5,3
85.5,188.16666656666666,0,red_worm,31.444656434118656,15,0,23,5,3
246.16666666666666,142.8333332333333,1,cyan_worm,41.55869998329469,15,0,23,5,3
100.16666666666667,105.49999989999998,4,magenta_worm,37.59691958417596,15,0,23,5,3
85.5,188.16666656666666,0,red_worm,30.662717413756532,15,0,23,5,3
64.83333333333333,176.16666656666663,0,red_worm,34.56692336782184,15,0,23,5,3
246.16666666666666,142.8333332333333,1,cyan_worm,32.90747459229769,15,0,23,5,3
246.16666666666666,142.8333332333333,1,cyan_worm,37.74466997022771,15,0,23,5,3
100.16666666666667,105.49999989999998,4,magenta_worm,39.64757347517541,15,0,23,5,3
85.5,188.16666656666666,0,red_worm,32.88225802694869,15,0,23,5,3
173.5,96.16666656666666,3,orange_worm,34.69314208060641,15,0,23,5,3
85.5,188.16666656666666,0,red_worm,36.94101266683509,15,0,23,5,3
246.16666666666666,142.8333332333333,1,cyan_worm,35.06263825889285,15,0,23,5,3
85.5,188.16666656666666,0,red_worm,37.01859535114541,15,0,23,5,3
85.5,188.16666656666666,0,red_worm,37.06419644271085,15,0,23,5,3
100.16666666666667,105.49999989999998,4,magenta_worm,37.34875701299774,15,0,23,5,3
85.5,188.16666656666666,0,red_worm,35.24013156394717,15,0,23,5,3
173.5,96.16666656666666,3,orange_worm,33.715808079973314,15,0,23,5,3
85.5,188.16666656666666,0,red_worm,33.86658347325067,15,0,23,5,3
246.16666666666666,142.8333332333333,1,cyan_worm,34.74453796187385,15,0,23,5,3
246.16666666666666,142.8333332333333,1,cyan_worm,33.40479273640875,15,0,23,5,3
85.5,188.16666656666666,0,red_worm,35.945751053189795,15,0,23,5,3
64.83333333333333,176.16666656666663,0,red_worm,34.59455909037965,15,0,23,5,3
100.16666666666667,105.49999989999998,4,magenta_worm,33.5021525254683,15,0,23,5,3
85.5,188.16666656666666,0,red_worm,34.94349445997702,15,0,23,5,3
85.5,188.16666656666666,0,red_worm,31.972721642867604,15,0,23,5,3
64.83333333333333,176.16666656666663,0,red_worm,32.974581742503624,15,0,23,5,3
246.16666666666666,142.8333332333333,1,cyan_worm,34.89793310318311,15,0,23,5,3
85.5,188.16666656666666,0,red_worm,33.294163600802875,15,0,23,5,3
246.16666666666666,142.8333332333333,1,cyan_worm,32.428340979842915,15,0,23,5,3
64.83333333333333,176.16666656666663,0,red_worm,39.816157826501644,15,0,23,5,3
85.5,188.16666656666666,0,red_worm,34.7070226050315,15,0,23,5,3
100.16666666666667,105.49999989999998,4,magenta_worm,38.76541727818902,15,0,23,5,3
246.16666666666666,142.8333332333333,1,cyan_worm,34.57332338815297,15,0,23,5,3
246.16666666666666,142.8333332333333,1,cyan_worm,36.266097660403574,15,0,23,5,3
246.16666666666666,142.8333332333333,1,cyan_worm,34.72168464512778,15,0,23,5,3
173.5,96.16666656666666,3,orange_worm,34.81240230973137,15,0,23,5,3
100.16666666666667,105.49999989999998,4,magenta_worm,35.958753033569266,15,0,23,5,3
100.16666666666667,105.49999989999998,4,magenta_worm,36.28703215174484,15,0,23,5,3
85.5,188.16666656666666,0,red_worm,29.584889701495634,15,0,23,5,3
85.5,188.16666656666666,0,red_worm,40.477657251317,15,0,23,5,3
64.83333333333333,176.16666656666663,0,red_worm,33.2904321367441,15,0,23,5,3
246.16666666666666,142.8333332333333,1,cyan_worm,32.61963487474364,15,0,23,5,3
85.5,188.16666656666666,0,red_worm,34.123695718173224,15,0,23,5,3
85.5,188.16666656666666,0,red_worm,36.25979011864396,15,0,23,5,3
85.5,188.16666656666666,0,red_worm,33.49600339916384,15,0,23,5,3
85.5,188.16666656666666,0,red_worm,29.5437934133857,15,0,23,5,3
246.16666666666666,142.8333332333333,1,cyan_worm,36.012506314704574,15,0,23,5,3
100.16666666666667,105.49999989999998,4,magenta_worm,28.164302327277344,15,0,23,5,3
85.5,188.16666656666666,0,red_worm,37.280343496090715,15,0,23,5,3
85.5,188.16666656666666,0,red_worm,39.105295358353615,15,0,23,5,3
85.5,188.16666656666666,0,red_worm,36.78054377973089,15,0,23,5,3
85.5,188.16666656666666,0,red_worm,36.912874305490206,15,0,23,5,3
173.5,96.16666656666666,3,orange_worm,37.78377233640206,15,0,23,5,3
246.16666666666666,142.8333332333333,1,cyan_worm,34.463668839059956,15,0,23,5,3
173.5,96.16666656666666,3,orange_worm,34.29752385421759,15,0,23,5,3
85.5,188.16666656666666,0,red_worm,37.432811715344684,15,0,23,5,3
246.16666666666666,142.8333332333333,1,cyan_worm,27.76683830289955,15,0,23,5,3
100.16666666666667,105.49999989999998,4,magenta_worm,31.625068738111374,15,0,23,5,3
64.83333333333333,176.16666656666663,0,red_worm,30.85917536977184,15,0,23,5,3
173.5,96.16666656666666,3,orange_worm,37.62831121751248,15,0,23,5,3
85.5,188.16666656666666,0,red_worm,31.77624464652969,15,0,23,5,3
100.16666666666667,105.49999989999998,4,magenta_worm,31.50957620716078,15,0,23,5,3
85.5,188.16666656666666,0,red_worm,32.69231631661194,15,0,23,5,3
246.16666666666666,142.8333332333333,1,cyan_worm,36.017951784163934,15,0,23,5,3
246.16666666666666,142.8333332333333,1,cyan_worm,33.55310904076684,15,0,23,5,3
85.5,188.16666656666666,0,red_worm,38.9978276066911,15,0,23,5,3
100.16666666666667,105.49999989999998,4,magenta_worm,35.61195810104296,15,0,23,5,3
64.83333333333333,176.16666656666663,0,red_worm,32.78087439025101,15,0,23,5,3
85.5,188.16666656666666,0,red_worm,34.011874933615026,15,0,23,5,3
173.5,96.16666656666666,3,orange_worm,30.116104592796106,15,0,23,5,3
173.5,96.16666656666666,3,orange_worm,37.9771593599572,15,0,23,5,3
85.5,188.16666656666666,0,red_worm,31.61483172503575,15,0,23,5,3
173.5,96.16666656666666,3,orange_worm,31.85406456582102,15,0,23,5,3
85.5,188.16666656666666,0,red_worm,35.90921249158211,15,0,23,5,3
64.83333333333333,176.16666656666663,0,red_worm,33.459682158395815,15,0,23,5,3
64.83333333333333,176.16666656666663,0,red_worm,38.04691839244792,15,0,23,5,3
246.16666666666666,142.8333332333333,1,cyan_worm,29.726546675534152,15,0,23,5,3
64.83333333333333,176.16666656666663,0,red_worm,34.27675441437612,15,0,23,5,3
246.16666666666666,142.8333332333333,1,cyan_worm,35.453858483401284,15,0,23,5,3
246.16666666666666,142.8333332333333,1,cyan_worm,33.888769061426856,15,0,23,5,3
64.83333333333333,176.16666656666663,0,red_worm,41.5140578188319,15,0,23,5,3
85.5,188.16666656666666,0,red_worm,36.908357462872445,15,0,23,5,3
64.83333333333333,176.16666656666663,0,red_worm,29.580070590939947,15,0,23,5,3
85.5,188.16666656666666,0,red_worm,35.65348010070956,15,0,23,5,3
173.5,96.16666656666666,3,orange_worm,35.55357578008963,15,0,23,5,3
85.5,188.16666656666666,0,red_worm,31.933002491202846,15,0,23,5,3
85.5,188.16666656666666,0,red_worm,36.35520978043287,15,0,23,5,3
85.5,188.16666656666666,0,red_worm,40.132718675955225,15,0,23,5,3
85.5,188.16666656666666,0,red_worm,34.037372054522386,15,0,23,5,3
100.16666666666667,105.49999989999998,4,magenta_worm,40.69848962768877,15,0,23,5,3
64.83333333333333,176.16666656666663,0,red_worm,34.83043055848269,15,0,23,5,3
85.5,188.16666656666666,0,red_worm,34.64343080804785,15,0,23,5,3
246.16666666666666,142.8333332333333,1,cyan_worm,34.89872840981792,15,0,23,5,3
85.5,188.16666656666666,0,red_worm,39.025668939150705,15,0,23,5,3
173.5,96.16666656666666,3,orange_worm,38.98204270648536,15,0,23,5,3
85.5,188.16666656666666,0,red_worm,41.03157755006543,15,0,23,5,3
85.5,188.16666656666666,0,red_worm,34.94336914217416,15,0,23,5,3
246.16666666666666,142.8333332333333,1,cyan_worm,38.71517795538425,15,0,23,5,3
85.5,188.16666656666666,0,red_worm,35.07436019054096,15,0,23,5,3
173.5,96.16666656666666,3,orange_worm,38.692205354004734,15,0,23,5,3
173.5,96.16666656666666,3,orange_worm,32.62533160765196,15,0,23,5,3
246.16666666666666,142.8333332333333,1,cyan_worm,37.66687528341647,15,0,23,5,3
246.16666666666666,142.8333332333333,1,cyan_worm,35.66526664417745,15,0,23,5,3
173.5,96.16666656666666,3,orange_worm,31.332515101781645,15,0,23,5,3
85.5,188.16666656666666,0,red_worm,34.99885490091308,15,0,23,5,3
85.5,188.16666656666666,0,red_worm,34.74952575878282,15,0,23,5,3
85.5,188.16666656666666,0,red_worm,36.61402602327952,15,0,23,5,3
85.5,188.16666656666666,0,red_worm,35.70563776478404,15,0,23,5,3
85.5,188.16666656666666,0,red_worm,35.705055073729135,15,0,23,5,3
246.16666666666666,142.8333332333333,1,cyan_worm,31.703379508930368,15,0,23,5,3
173.5,96.16666656666666,3,orange_worm,33.091914701599364,15,0,23,5,3
85.5,188.16666656666666,0,red_worm,32.349571156555356,15,0,23,5,3
85.5,188.16666656666666,0,red_worm,36.343245901218936,15,0,23,5,3
100.16666666666667,105.49999989999998,4,magenta_worm,34.18896322428246,15,0,23,5,3
246.16666666666666,142.8333332333333,1,cyan_worm,37.626570094227034,15,0,23,5,3
246.16666666666666,142.8333332333333,1,cyan_worm,38.8401461019289,15,0,23,5,3
64.83333333333333,176.16666656666663,0,red_worm,37.48447704450943,15,0,23,5,3
85.5,188.16666656666666,0,red_worm,33.18968748974285,15,0,23,5,3
85.5,188.16666656666666,0,red_worm,35.871972989860545,15,0,23,5,3
85.5,188.16666656666666,0,red_worm,41.91074093653572,15,0,23,5,3
100.16666666666667,105.49999989999998,4,magenta_worm,33.289203788064846,15,0,23,5,3
173.5,96.16666656666666,3,orange_worm,35.1656141865971,15,0,23,5,3
85.5,188.16666656666666,0,red_worm,39.399903022989335,15,0,23,5,3
85.5,188.16666656666666,0,red_worm,33.423902637416816,15,0,23,5,3
173.5,96.16666656666666,3,orange_worm,32.246702823020456,15,0,23,5,3
64.83333333333333,176.16666656666663,0,red_worm,31.346488631270155,15,0,23,5,3
246.16666666666666,142.8333332333333,1,cyan_worm,36.8621130135265,15,0,23,5,3
85.5,188.16666656666666,0,red_worm,28.200307248834168,15,0,23,5,3
246.16666666666666,142.8333332333333,1,cyan_worm,39.719844692239086,15,0,23,5,3
85.5,188.16666656666666,0,red_worm,35.572283317039414,15,0,23,5,3
173.5,96.16666656666666,3,orange_worm,36.558431267585476,15,0,23,5,3
85.5,188.16666656666666,0,red_worm,35.75452589163608,15,0,23,5,3
64.83333333333333,176.16666656666663,0,red_worm,34.47443581372188,15,0,23,5,3
173.5,96.16666656666666,3,orange_worm,36.350709402855216,15,0,23,5,3
64.83333333333333,176.16666656666663,0,red_worm,30.695495635042388,15,0,23,5,3
173.5,96.16666656666666,3,orange_worm,31.304093063459298,15,0,23,5,3
85.5,188.16666656666666,0,red_worm,37.363463289398595,15,0,23,5,3
64.83333333333333,176.16666656666663,0,red_worm,32.49733841826123,15,0,23,5,3
85.5,188.16666656666666,0,red_worm,32.66973366182585,15,0,23,5,3
246.16666666666666,142.8333332333333,1,cyan_worm,36.35137688311018,15,0,23,5,3
173.5,96.16666656666666,3,orange_worm,36.220585595672354,15,0,23,5,3
85.5,188.16666656666666,0,red_worm,34.51123197001681,15,0,23,5,3
85.5,188.16666656666666,0,red_worm,34.36476931867044,15,0,23,5,3
173.5,96.16666656666666,3,orange_worm,37.48997613128053,15,0,23,5,3
64.83333333333333,176.16666656666663,0,red_worm,30.71031917388231,15,0,23,5,3
246.16666666666666,142.8333332333333,1,cyan_worm,36.22420250654059,15,0,23,5,3
64.83333333333333,176.16666656666663,0,red_worm,35.653320759269775,15,0,23,5,3
246.16666666666666,142.8333332333333,1,cyan_worm,32.67167864734253,15,0,23,5,3
85.5,188.16666656666666,0,red_worm,35.03101154318867,15,0,23,5,3
173.5,96.16666656666666,3,orange_worm,35.6179233766776,15,0,23,5,3
173.5,96.16666656666666,3,orange_worm,36.309821046309295,15,0,23,5,3
85.5,188.16666656666666,0,red_worm,35.64594844845374,15,0,23,5,3
100.16666666666667,105.49999989999998,4,magenta_worm,28.92727855690179,15,0,23,5,3
173.5,96.16666656666666,3,orange_worm,36.239883826103636,15,0,23,5,3
64.83333333333333,176.16666656666663,0,red_worm,35.76425373517287,15,0,23,5,3
85.5,188.16666656666666,0,red_worm,37.48876018426064,15,0,23,5,3
173.5,96.16666656666666,3,orange_worm,36.56309563120368,15,0,23,5,3
85.5,188.16666656666666,0,red_worm,39.525802889344966,15,0,23,5,3
100.16666666666667,105.49999989999998,4,magenta_worm,36.287917670503376,15,0,23,5,3
100.16666666666667,105.49999989999998,4,magenta_worm,31.890862983969264,15,0,23,5,3
85.5,188.16666656666666,0,red_worm,36.2359991941091,15,0,23,5,3
100.16666666666667,105.49999989999998,4,magenta_worm,32.740856377200984,15,0,23,5,3
100.16666666666667,105.49999989999998,4,magenta_worm,36.511588961239156,15,0,23,5,3
85.5,188.16666656666666,0,red_worm,34.22216636677298,15,0,23,5,3
246.16666666666666,142.8333332333333,1,cyan_worm,34.442909517169255,15,0,23,5,3
85.5,188.16666656666666,0,red_worm,38.75356493899574,15,0,23,5,3
173.5,96.16666656666666,3,orange_worm,29.850217931866837,15,0,23,5,3
173.5,96.16666656666666,3,orange_worm,34.627836259520606,15,0,23,5,3
85.5,188.16666656666666,0,red_worm,36.815845925850084,15,0,23,5,3
85.5,188.16666656666666,0,red_worm,39.71971120115352,15,0,23,5,3
246.16666666666666,142.8333332333333,1,cyan_worm,36.75560574357125,15,0,23,5,3
100.16666666666667,105.49999989999998,4,magenta_worm,35.08906875825086,15,0,23,5,3
64.83333333333333,176.16666656666663,0,red_worm,35.10411214061278,15,0,23,5,3
64.83333333333333,176.16666656666663,0,red_worm,37.715421653943196,15,0,23,5,3
173.5,96.16666656666666,3,orange_worm,32.79909659970432,15,0,23,5,3
85.5,188.16666656666666,0,red_worm,32.30311357145669,15,0,23,5,3
85.5,188.16666656666666,0,red_worm,34.58741920643704,15,0,23,5,3
173.5,96.16666656666666,3,orange_worm,39.04519211271106,15,0,23,5,3
100.16666666666667,105.49999989999998,4,magenta_worm,33.043609946353925,15,0,23,5,3
85.5,188.16666656666666,0,red_worm,33.26500463209261,15,0,23,5,3
100.16666666666667,105.49999989999998,4,magenta_worm,30.649524853692316,15,0,23,5,3
64.83333333333333,176.16666656666663,0,red_worm,32.040125385405,15,0,23,5,3
246.16666666666666,142.8333332333333,1,cyan_worm,31.949196709503944,15,0,23,5,3
64.83333333333333,176.16666656666663,0,red_worm,30.19215297293896,15,0,23,5,3
85.5,188.16666656666666,0,red_worm,33.25490036403478,15,0,23,5,3
64.83333333333333,176.16666656666663,0,red_worm,35.15476139267004,15,0,23,5,3
100.16666666666667,105.49999989999998,4,magenta_worm,34.996014271024144,15,0,23,5,3
85.5,188.16666656666666,0,red_worm,29.29257608734755,15,0,23,5,3
173.5,96.16666656666666,3,orange_worm,38.20235641105137,15,0,23,5,3
85.5,188.16666656666666,0,red_worm,37.1212264705759,15,0,23,5,3
246.16666666666666,142.8333332333333,1,cyan_worm,37.63253154430339,15,0,23,5,3
173.5,96.16666656666666,3,orange_worm,30.37130227726871,15,0,23,5,3
246.16666666666666,142.8333332333333,1,cyan_worm,32.28523799703871,15,0,23,5,3
85.5,188.16666656666666,0,red_worm,29.582732456183127,15,0,23,5,3
100.16666666666667,105.49999989999998,4,magenta_worm,34.44628954325093,15,0,23,5,3
100.16666666666667,105.49999989999998,4,magenta_worm,37.94415430824756,15,0,23,5,3
85.5,188.16666656666666,0,red_worm,37.39295136407245,15,0,23,5,3
173.5,96.16666656666666,3,orange_worm,35.60703887883706,15,0,23,5,3
64.83333333333333,176.16666656666663,0,red_worm,35.81611181302018,15,0,23,5,3
85.5,188.16666656666666,0,red_worm,33.964472203439875,15,0,23,5,3
173.5,96.16666656666666,3,orange_worm,44.037348598599394,15,0,23,5,3
64.83333333333333,176.16666656666663,0,red_worm,36.00991053481583,15,0,23,5,3
173.5,96.16666656666666,3,orange_worm,35.73971115071147,15,0,23,5,3
173.5,96.16666656666666,3,orange_worm,35.25976275406944,15,0,23,5,3
85.5,188.16666656666666,0,red_worm,34.55929673352968,15,0,23,5,3
64.83333333333333,176.16666656666663,0,red_worm,33.051389737448574,15,0,23,5,3
64.83333333333333,176.16666656666663,0,red_worm,37.412454654809245,15,0,23,5,3
246.16666666666666,142.8333332333333,1,cyan_worm,37.58104842704155,15,0,23,5,3
64.83333333333333,176.16666656666663,0,red_worm,38.58595650082732,15,0,23,5,3
85.5,188.16666656666666,0,red_worm,37.12857401675099,15,0,23,5,3
246.16666666666666,142.8333332333333,1,cyan_worm,35.48217887387658,15,0,23,5,3
246.16666666666666,142.8333332333333,1,cyan_worm,38.236266555335106,15,0,23,5,3
100.16666666666667,105.49999989999998,4,magenta_worm,36.718667552810956,15,0,23,5,3
100.16666666666667,105.49999989999998,4,magenta_worm,29.229090382671448,15,0,23,5,3
64.83333333333333,176.16666656666663,0,red_worm,31.375549527969646,15,0,23,5,3
85.5,188.16666656666666,0,red_worm,36.506000775735046,15,0,23,5,3
85.5,188.16666656666666,0,red_worm,37.84751099716464,15,0,23,5,3
64.83333333333333,176.16666656666663,0,red_worm,31.70271780390531,15,0,23,5,3
85.5,188.16666656666666,0,red_worm,37.96443209560123,15,0,23,5,3
85.5,188.16666656666666,0,red_worm,33.97600279824791,15,0,23,5,3
100.16666666666667,105.49999989999998,4,magenta_worm,30.774812182080883,15,0,23,5,3
100.16666666666667,105.49999989999998,4,magenta_worm,36.91577820846746,15,0,23,5,3
64.83333333333333,176.16666656666663,0,red_worm,36.34440969884828,15,0,23,5,3
85.5,188.16666656666666,0,red_worm,35.68400940619779,15,0,23,5,3
173.5,96.16666656666666,3,orange_worm,36.79981653653622,15,0,23,5,3
64.83333333333333,176.16666656666663,0,red_worm,37.89559403464435,15,0,23,5,3
64.83333333333333,176.16666656666663,0,red_worm,35.834585461110706,15,0,23,5,3
246.16666666666666,142.8333332333333,1,cyan_worm,35.78654829216143,15,0,23,5,3
173.5,96.16666656666666,3,orange_worm,33.44629184157546,15,0,23,5,3
85.5,188.16666656666666,0,red_worm,34.76560149435141,15,0,23,5,3
100.16666666666667,105.49999989999998,4,magenta_worm,33.44457508633425,15,0,23,5,3
100.16666666666667,105.49999989999998,4,magenta_worm,34.50711342183589,15,0,23,5,3
85.5,188.16666656666666,0,red_worm,33.0019999851855,15,0,23,5,3
85.5,188.16666656666666,0,red_worm,33.23393447716319,15,0,23,5,3
173.5,96.16666656666666,3,orange_worm,38.33604988075852,15,0,23,5,3
100.16666666666667,105.49999989999998,4,magenta_worm,32.78736972827761,15,0,23,5,3
100.16666666666667,105.49999989999998,4,magenta_worm,38.29079051281522,15,0,23,5,3
100.16666666666667,105.49999989999998,4,magenta_worm,32.49903814764093,15,0,23,5,3
64.83333333333333,176.16666656666663,0,red_worm,33.01510387340795,15,0,23,5,3
85.5,188.16666656666666,0,red_worm,28.197731992007995,15,0,23,5,3
85.5,188.16666656666666,0,red_worm,38.893519370291344,15,0,23,5,3
246.16666666666666,142.8333332333333,1,cyan_worm,37.81581239220794,15,0,23,5,3
246.16666666666666,142.8333332333333,1,cyan_worm,33.43059253012238,15,0,23,5,3
64.83333333333333,176.16666656666663,0,red_worm,36.28816394670744,15,0,23,5,3
85.5,188.16666656666666,0,red_worm,38.042113548473935,15,0,23,5,3
100.16666666666667,105.49999989999998,4,magenta_worm,34.5828088568704,15,0,23,5,3
85.5,188.16666656666666,0,red_worm,33.347750290966,15,0,23,5,3
85.5,188.16666656666666,0,red_worm,38.77269978112614,15,0,23,5,3
246.16666666666666,142.8333332333333,1,cyan_worm,38.51125268993344,15,0,23,5,3
85.5,188.16666656666666,0,red_worm,37.97249473350264,15,0,23,5,3
64.83333333333333,176.16666656666663,0,red_worm,29.777125273538957,15,0,23,5,3
100.16666666666667,105.49999989999998,4,magenta_worm,34.505810341375394,15,0,23,5,3
246.16666666666666,142.8333332333333,1,cyan_worm,32.881949808687466,15,0,23,5,3
85.5,188.16666656666666,0,red_worm,31.683639284530862,15,0,23,5,3
100.16666666666667,105.49999989999998,4,magenta_worm,36.92971326981932,15,0,23,5,3
85.5,188.16666656666666,0,red_worm,30.946225091113007,15,0,23,5,3
85.5,188.16666656666666,0,red_worm,34.80004364971999,15,0,23,5,3
173.5,96.16666656666666,3,orange_worm,39.552203821610625,15,0,23,5,3
246.16666666666666,142.8333332333333,1,cyan_worm,36.135775713758,15,0,23,5,3
173.5,96.16666656666666,3,orange_worm,36.618615202424735,15,0,23,5,3
100.16666666666667,105.49999989999998,4,magenta_worm,31.066351059731,15,0,23,5,3
85.5,188.16666656666666,0,red_worm,32.96245786282957,15,0,23,5,3
173.5,96.16666656666666,3,orange_worm,37.41916192562792,15,0,23,5,3
85.5,188.16666656666666,0,red_worm,37.44668263271389,15,0,23,5,3
85.5,188.16666656666666,0,red_worm,36.45023114435874,15,0,23,5,3
85.5,188.16666656666666,0,red_worm,35.07914164779054,15,0,23,5,3
100.16666666666667,105.49999989999998,4,magenta_worm,34.0164133704057,15,0,23,5,3
100.16666666666667,105.49999989999998,4,magenta_worm,34.993095753295904,15,0,23,5,3
173.5,96.16666656666666,3,orange_worm,32.711200444395814,15,0,23,5,3
85.5,188.16666656666666,0,red_worm,36.8719986721088,15,0,23,5,3
246.16666666666666,142.8333332333333,1,cyan_worm,33.68802057436589,15,0,23,5,3
85.5,188.16666656666666,0,red_worm,36.35886967410474,15,0,23,5,3
100.16666666666667,105.49999989999998,4,magenta_worm,37.66259688206934,15,0,23,5,3
100.16666666666667,105.49999989999998,4,magenta_worm,31.74452502091668,15,0,23,5,3
173.5,96.16666656666666,3,orange_worm,28.03565117307769,15,0,23,5,3
173.5,96.16666656666666,3,orange_worm,35.38641023102554,15,0,23,5,3
246.16666666666666,142.8333332333333,1,cyan_worm,38.29071922851445,15,0,23,5,3
64.83333333333333,176.16666656666663,0,red_worm,40.15876321522928,15,0,23,5,3
64.83333333333333,176.16666656666663,0,red_worm,35.56986402283009,15,0,23,5,3
85.5,188.16666656666666,0,red_worm,37.916533091861666,15,0,23,5,3
85.5,188.16666656666666,0,red_worm,40.34045435394863,15,0,23,5,3
85.5,188.16666656666666,0,red_worm,31.723180920893387,15,0,23,5,3
85.5,188.16666656666666,0,red_worm,27.147414301722424,15,0,23,5,3
85.5,188.16666656666666,0,red_worm,36.82874449167997,15,0,23,5,3
100.16666666666667,105.49999989999998,4,magenta_worm,34.702556496600124,15,0,23,5,3
85.5,188.16666656666666,0,red_worm,36.21700734807062,15,0,23,5,3
64.83333333333333,176.16666656666663,0,red_worm,39.374985122233596,15,0,23,5,3
85.5,188.16666656666666,0,red_worm,38.281857690556066,15,0,23,5,3
246.16666666666666,142.8333332333333,1,cyan_worm,39.36873986679349,15,0,23,5,3
173.5,96.16666656666666,3,orange_worm,28.776434951979436,15,0,23,5,3
246.16666666666666,142.8333332333333,1,cyan_worm,35.46640362344199,15,0,23,5,3
85.5,188.16666656666666,0,red_worm,36.66126699806756,15,0,23,5,3
100.16666666666667,105.49999989999998,4,magenta_worm,38.20989358039034,15,0,23,5,3
85.5,188.16666656666666,0,red_worm,35.0576936889531,15,0,23,5,3
64.83333333333333,176.16666656666663,0,red_worm,36.6868231837101,15,0,23,5,3
173.5,96.16666656666666,3,orange_worm,30.166498991692066,15,0,23,5,3
85.5,188.16666656666666,0,red_worm,35.8001926217661,15,0,23,5,3
173.5,96.16666656666666,3,orange_worm,36.05683837839378,15,0,23,5,3
173.5,96.16666656666666,3,orange_worm,32.42523879352508,15,0,23,5,3
85.5,188.16666656666666,0,red_worm,32.91404036961025,15,0,23,5,3
100.16666666666667,105.49999989999998,4,magenta_worm,38.98889009410577,15,0,23,5,3
64.83333333333333,176.16666656666663,0,red_worm,37.980345561153,15,0,23,5,3
100.16666666666667,105.49999989999998,4,magenta_worm,33.01865075722519,15,0,23,5,3
173.5,96.16666656666666,3,orange_worm,32.270550495058245,15,0,23,5,3
85.5,188.16666656666666,0,red_worm,30.963619042890123,15,0,23,5,3
246.16666666666666,142.8333332333333,1,cyan_worm,40.264426404558556,15,0,23,5,3
85.5,188.16666656666666,0,red_worm,36.9930499545037,15,0,23,5,3
85.5,188.16666656666666,0,red_worm,30.19666902493539,15,0,23,5,3
85.5,188.16666656666666,0,red_worm,37.4400308081546,15,0,23,5,3
100.16666666666667,105.49999989999998,4,magenta_worm,39.099631812679235,15,0,23,5,3
100.16666666666667,105.49999989999998,4,magenta_worm,31.87863481212259,15,0,23,5,3
100.16666666666667,105.49999989999998,4,magenta_worm,38.79156556425743,15,0,23,5,3
85.5,188.16666656666666,0,red_worm,34.38865641484531,15,0,23,5,3
173.5,96.16666656666666,3,orange_worm,33.99299381895736,15,0,23,5,3
246.16666666666666,142.8333332333333,1,cyan_worm,35.533422051460605,15,0,23,5,3
64.83333333333333,176.16666656666663,0,red_worm,36.509550906059175,15,0,23,5,3
100.16666666666667,105.49999989999998,4,magenta_worm,36.5954541412616,15,0,23,5,3
246.16666666666666,142.8333332333333,1,cyan_worm,37.64089481223289,15,0,23,5,3
85.5,188.16666656666666,0,red_worm,38.7734110391875,15,0,23,5,3
100.16666666666667,105.49999989999998,4,magenta_worm,39.167560152787615,15,0,23,5,3
246.16666666666666,142.8333332333333,1,cyan_worm,41.513343524587185,15,0,23,5,3
100.16666666666667,105.49999989999998,4,magenta_worm,39.555366951087265,15,0,23,5,3
173.5,96.16666656666666,3,orange_worm,35.21894763969454,15,0,23,5,3
246.16666666666666,142.8333332333333,1,cyan_worm,34.092667266594034,15,0,23,5,3
85.5,188.16666656666666,0,red_worm,35.90162837797412,15,0,23,5,3
85.5,188.16666656666666,0,red_worm,39.155254641963,15,0,23,5,3
64.83333333333333,176.16666656666663,0,red_worm,36.222987490107386,15,0,23,5,3
100.16666666666667,105.49999989999998,4,magenta_worm,37.04659358700568,15,0,23,5,3
246.16666666666666,142.8333332333333,1,cyan_worm,36.54792397432418,15,0,23,5,3
100.16666666666667,105.49999989999998,4,magenta_worm,34.940491062693596,15,0,23,5,3
246.16666666666666,142.8333332333333,1,cyan_worm,36.03852501695749,15,0,23,5,3
100.16666666666667,105.49999989999998,4,magenta_worm,38.990149694180545,15,0,23,5,3
85.5,188.16666656666666,0,red_worm,35.25027546948551,15,0,23,5,3
100.16666666666667,105.49999989999998,4,magenta_worm,35.306509017219774,15,0,23,5,3
173.5,96.16666656666666,3,orange_worm,36.91130925559181,15,0,23,5,3
85.5,188.16666656666666,0,red_worm,34.04673465198573,15,0,23,5,3
64.83333333333333,176.16666656666663,0,red_worm,30.98748352380214,15,0,23,5,3
173.5,96.16666656666666,3,orange_worm,35.582123586780014,15,0,23,5,3
85.5,188.16666656666666,0,red_worm,35.657913102585155,15,0,23,5,3
246.16666666666666,142.8333332333333,1,cyan_worm,32.91295008288256,15,0,23,5,3
85.5,188.16666656666666,0,red_worm,32.88548269423671,15,0,23,5,3
64.83333333333333,176.16666656666663,0,red_worm,34.743077638253084,15,0,23,5,3
64.83333333333333,176.16666656666663,0,red_worm,34.62154459824398,15,0,23,5,3
64.83333333333333,176.16666656666663,0,red_worm,34.021001824055965,15,0,23,5,3
85.5,188.16666656666666,0,red_worm,36.441223985955446,15,0,23,5,3
100.16666666666667,105.49999989999998,4,magenta_worm,33.10576508781209,15,0,23,5,3
85.5,188.16666656666666,0,red_worm,28.2660195791425,15,0,23,5,3
100.16666666666667,105.49999989999998,4,magenta_worm,36.00451247160619,15,0,23,5,3
85.5,188.16666656666666,0,red_worm,35.545878724842396,15,0,23,5,3
173.5,96.16666656666666,3,orange_worm,34.36757616992796,15,0,23,5,3
85.5,188.16666656666666,0,red_worm,33.08198475104714,15,0,23,5,3
64.83333333333333,176.16666656666663,0,red_worm,39.56733156423256,15,0,23,5,3
246.16666666666666,142.8333332333333,1,cyan_worm,41.01625988769983,15,0,23,5,3
85.5,188.16666656666666,0,red_worm,34.15627889950097,15,0,23,5,3
100.16666666666667,105.49999989999998,4,magenta_worm,32.65233873122837,15,0,23,5,3
85.5,188.16666656666666,0,red_worm,35.33130843502759,15,0,23,5,3
64.83333333333333,176.16666656666663,0,red_worm,34.97002537277304,15,0,23,5,3
246.16666666666666,142.8333332333333,1,cyan_worm,32.38598067999373,15,0,23,5,3
85.5,188.16666656666666,0,red_worm,36.1733832236755,15,0,23,5,3
246.16666666666666,142.8333332333333,1,cyan_worm,36.07894252413615,15,0,23,5,3
85.5,188.16666656666666,0,red_worm,35.626730772831095,15,0,23,5,3
85.5,188.16666656666666,0,red_worm,33.614380269014,15,0,23,5,3
246.16666666666666,142.8333332333333,1,cyan_worm,38.85093418396628,15,0,23,5,3
173.5,96.16666656666666,3,orange_worm,36.326643679979085,15,0,23,5,3
85.5,188.16666656666666,0,red_worm,36.9498278082002,15,0,23,5,3
85.5,188.16666656666666,0,red_worm,34.33488496128062,15,0,23,5,3
85.5,188.16666656666666,0,red_worm,33.36062951807112,15,0,23,5,3
173.5,96.16666656666666,3,orange_worm,33.03889417903345,15,0,23,5,3
85.5,188.16666656666666,0,red_worm,32.361106946641726,15,0,23,5,3
173.5,96.16666656666666,3,orange_worm,34.10109737272465,15,0,23,5,3
173.5,96.16666656666666,3,orange_worm,36.980426203387196,15,0,23,5,3
85.5,188.16666656666666,0,red_worm,33.88119752355472,15,0,23,5,3
85.5,188.16666656666666,0,red_worm,37.65755059871981,15,0,23,5,3
64.83333333333333,176.16666656666663,0,red_worm,39.148573260400795,15,0,23,5,3
246.16666666666666,142.8333332333333,1,cyan_worm,37.47820592694214,15,0,23,5,3
85.5,188.16666656666666,0,red_worm,29.41637249357423,15,0,23,5,3
173.5,96.16666656666666,3,orange_worm,38.22230820289001,15,0,23,5,3
85.5,188.16666656666666,0,red_worm,35.1100782877501,15,0,23,5,3
85.5,188.16666656666666,0,red_worm,34.2812860801256,15,0,23,5,3
173.5,96.16666656666666,3,orange_worm,37.197396677132105,15,0,23,5,3
100.16666666666667,105.49999989999998,4,magenta_worm,32.421111035694665,15,0,23,5,3
64.83333333333333,176.16666656666663,0,red_worm,34.28835138283135,15,0,23,5,3
100.16666666666667,105.49999989999998,4,magenta_worm,35.9030986959293,15,0,23,5,3
85.5,188.16666656666666,0,red_worm,36.887284595933735,15,0,23,5,3
64.83333333333333,176.16666656666663,0,red_worm,35.00917112556385,15,0,23,5,3
173.5,96.16666656666666,3,orange_worm,37.72800454124356,15,0,23,5,3
246.16666666666666,142.8333332333333,1,cyan_worm,46.89073935187453,15,0,23,5,3
85.5,188.16666656666666,0,red_worm,31.39031685998333,15,0,23,5,3
246.16666666666666,142.8333332333333,1,cyan_worm,37.180117216881875,15,0,23,5,3
85.5,188.16666656666666,0,red_worm,35.616717167630306,15,0,23,5,3
85.5,188.16666656666666,0,red_worm,34.96562759541012,15,0,23,5,3
100.16666666666667,105.49999989999998,4,magenta_worm,34.231029588925686,15,0,23,5,3
85.5,188.16666656666666,0,red_worm,35.44091843259599,15,0,23,5,3
100.16666666666667,105.49999989999998,4,magenta_worm,33.770497925853604,15,0,23,5,3
64.83333333333333,176.16666656666663,0,red_worm,34.04557084693077,15,0,23,5,3
85.5,188.16666656666666,0,red_worm,36.878260720521,15,0,23,5,3
100.16666666666667,105.49999989999998,4,magenta_worm,34.248683292169645,15,0,23,5,3
173.5,96.16666656666666,3,orange_worm,39.479401446430074,15,0,23,5,3
64.83333333333333,176.16666656666663,0,red_worm,37.9214734846621,15,0,23,5,3
85.5,188.16666656666666,0,red_worm,33.05122519339878,15,0,23,5,3
100.16666666666667,105.49999989999998,4,magenta_worm,30.881800342222675,15,0,23,5,3
85.5,188.16666656666666,0,red_worm,33.10198750085286,15,0,23,5,3
173.5,96.16666656666666,3,orange_worm,37.817946572124455,15,0,23,5,3
246.16666666666666,142.8333332333333,1,cyan_worm,32.49311860721872,15,0,23,5,3
100.16666666666667,105.49999989999998,4,magenta_worm,39.31379308920896,15,0,23,5,3
64.83333333333333,176.16666656666663,0,red_worm,34.748442827905215,15,0,23,5,3
64.83333333333333,176.16666656666663,0,red_worm,29.410182144091763,15,0,23,5,3
246.16666666666666,142.8333332333333,1,cyan_worm,31.36792816716909,15,0,23,5,3
64.83333333333333,176.16666656666663,0,red_worm,32.517006865231366,15,0,23,5,3
64.83333333333333,176.16666656666663,0,red_worm,38.01559283055167,15,0,23,5,3
173.5,96.16666656666666,3,orange_worm,33.560608696654924,15,0,23,5,3
173.5,96.16666656666666,3,orange_worm,31.769871358106002,15,0,23,5,3
173.5,96.16666656666666,3,orange_worm,43.8538360141563,15,0,23,5,3
85.5,188.16666656666666,0,red_worm,38.88292005420793,15,0,23,5,3
100.16666666666667,105.49999989999998,4,magenta_worm,33.13333779155528,15,0,23,5,3
85.5,188.16666656666666,0,red_worm,36.2320075995736,15,0,23,5,3
246.16666666666666,142.8333332333333,1,cyan_worm,38.553148496174686,15,0,23,5,3
85.5,188.16666656666666,0,red_worm,35.36963529655836,15,0,23,5,3
85.5,188.16666656666666,0,red_worm,31.930118622422885,15,0,23,5,3
64.83333333333333,176.16666656666663,0,red_worm,31.851624863214234,15,0,23,5,3
100.16666666666667,105.49999989999998,4,magenta_worm,35.80853774835172,15,0,23,5,3
100.16666666666667,105.49999989999998,4,magenta_worm,34.21609657493168,15,0,23,5,3
100.16666666666667,105.49999989999998,4,magenta_worm,31.36692404656267,15,0,23,5,3
