85.72905686372016,209.73930506597532,2,pink_worm,35.44642492412055,12,0,25,5,6
88.66823560799287,211.28124051073885,2,pink_worm,32.8133625065525,12,0,25,5,6
166.46096985714138,207.1532482438054,2,pink_worm,32.16160517736999,12,0,25,5,6
101.3643177022943,206.48616387661224,2,pink_worm,35.19254490824266,12,0,25,5,6
167.89552139673066,209.08592060296402,2,pink_worm,31.25770547506433,12,0,25,5,6
75.98189919236991,204.03359331078383,2,pink_worm,34.1324772570906,12,0,25,5,6
103.5809098373046,209.4584819393418,2,pink_worm,35.95439414835336,12,0,25,5,6
98.07929694004459,207.20612434977102,2,pink_worm,36.208149508693324,12,0,25,5,6
141.5801150713616,209.48774985021973,2,pink_worm,40.37426039582452,12,0,25,5,6
171.75928753510044,212.39562174518733,2,pink_worm,29.833842673381078,12,0,25,5,6
146.50331944777622,209.60555596128185,2,pink_worm,34.388276937764104,12,0,25,5,6
86.68834465703826,210.8004182799524,2,pink_worm,34.225525876764856,12,0,25,5,6
160.52951416171408,209.38496952143274,2,pink_worm,36.747863763310946,12,0,25,5,6
81.38518180493276,206.31810250623587,2,pink_worm,38.15690269115689,12,0,25,5,6
103.7288085118538,210.39269009794918,2,pink_worm,32.81494147103379,12,0,25,5,6
110.21840014564188,209.44712845000763,2,pink_worm,39.080797224477514,12,0,25,5,6
175.84473747520136,208.03343798050003,2,pink_worm,34.55923165436924,12,0,25,5,6
95.83328809161915,205.26458502359895,2,pink_worm,37.74316041868273,12,0,25,5,6
111.81707242725483,206.8079256717425,2,pink_worm,31.8791688433007,12,0,25,5,6
69.0859747174642,205.43308286979033,2,pink_worm,37.6315451510918,12,0,25,5,6
136.2896504211048,210.8181514637308,2,pink_worm,32.50962066068831,12,0,25,5,6
155.33941127539129,210.75575005040665,2,pink_worm,37.51550300011172,12,0,25,5,6
128.95103615814998,209.7117449283764,2,pink_worm,35.453618097622396,12,0,25,5,6
70.43538977397583,208.5010786401461,2,pink_worm,30.865582794041796,12,0,25,5,6
159.6502185973235,211.2179024606148,2,pink_worm,32.27875565548668,12,0,25,5,6
135.84763036742555,207.91556159254318,2,pink_worm,36.21045268659252,12,0,25,5,6
93.80531017931115,210.6028736252882,2,pink_worm,33.64234030058382,12,0,25,5,6
109.66749750438089,209.8635016430626,2,pink_worm,35.646609665123144,12,0,25,5,6
141.98747748199122,208.17613354435278,2,pink_worm,33.814782125019654,12,0,25,5,6
83.30281135720256,209.5480180882555,2,pink_worm,33.737221391457965,12,0,25,5,6
170.08675497902732,205.09830328738713,2,pink_worm,40.63462857267146,12,0,25,5,6
141.64694930581058,208.89020953878375,2,pink_worm,37.87329901178347,12,0,25,5,6
132.9187617647509,206.35698654759852,2,pink_worm,35.22544106840582,12,0,25,5,6
89.96411826768471,205.68930779870587,2,pink_worm,34.03778504670974,12,0,25,5,6
110.86898346787228,207.25922526670837,2,pink_worm,33.7891387805184,12,0,25,5,6
111.28157744115046,205.87581303283196,2,pink_worm,34.76503331808287,12,0,25,5,6
120.9912991991828,207.07320645811387,2,pink_worm,34.409423551859234,12,0,25,5,6
140.81560359299715,211.42244608625253,2,pink_worm,33.96611597415272,12,0,25,5,6
160.68502225670449,204.61435401526924,2,pink_worm,39.56214797374879,12,0,25,5,6
167.0252750096487,212.44482026095267,2,pink_worm,38.220644229621215,12,0,25,5,6
163.90943549513875,205.4934333901004,2,pink_worm,32.894286346517234,12,0,25,5,6
153.7989802013219,211.11902258992987,2,pink_worm,35.496334632630905,12,0,25,5,6
134.37294398657986,209.88383140409985,2,pink_worm,38.028123987598484,12,0,25,5,6
95.08841021835269,211.68227486075443,2,pink_worm,36.421377845874346,12,0,25,5,6
69.42021952191453,205.374721290013,2,pink_worm,36.966685312892395,12,0,25,5,6
142.61598604204164,207.04313154600948,2,pink_worm,33.80146062944917,12,0,25,5,6
135.04602890284121,209.1098418002649,2,pink_worm,36.399122088524834,12,0,25,5,6
84.07868628322784,211.4158523455248,2,pink_worm,39.27211132026261,12,0,25,5,6
145.75969727746622,210.36174047684347,2,pink_worm,34.43696340438899,12,0,25,5,6
121.59887624734665,210.96353881705812,2,pink_worm,33.01940521692846,12,0,25,5,6
149.80990455184667,212.09431295736837,2,pink_worm,33.16804468006863,12,0,25,5,6
165.04980343094468,205.55526235536058,2,pink_worm,35.33931786064852,12,0,25,5,6
110.1431297365447,205.73684254059287,2,pink_worm,34.06739423827487,12,0,25,5,6
137.27749381380187,205.12717549260208,2,pink_worm,35.23118285897005,12,0,25,5,6
143.8279408299319,206.16610951957045,2,pink_worm,39.27973104363367,12,0,25,5,6
157.4884576709327,208.10890098126262,2,pink_worm,35.71829274553363,12,0,25,5,6
95.74475268431449,205.98225197215436,2,pink_worm,36.98264647963495,12,0,25,5,6
138.57045803731518,209.43820569623645,2,pink_worm,38.65100222494535,12,0,25,5,6
99.37535343962915,204.7926489048042,2,pink_worm,33.220688242365505,12,0,25,5,6
135.7061947910127,208.07918772060668,2,pink_worm,36.791631179388276,12,0,25,5,6
83.58776930677641,213.09237126390187,2,pink_worm,35.333262866645086,12,0,25,5,6
95.7873228821262,206.1025311027318,2,pink_worm,33.79858610514415,12,0,25,5,6
98.34226153030791,204.22897635908504,2,pink_worm,34.55671007891828,12,0,25,5,6
135.98563817457622,208.1826232767297,2,pink_worm,35.56152683135677,12,0,25,5,6
88.17776646369273,208.13058137967985,2,pink_worm,40.1021025060397,12,0,25,5,6
99.19757301185305,208.83869004117696,2,pink_worm,35.500296322360384,12,0,25,5,6
92.43668579950881,204.91705186151987,2,pink_worm,33.10845339992511,12,0,25,5,6
113.71989222505694,209.86458383869098,2,pink_worm,37.069898343462654,12,0,25,5,6
130.61534250344366,212.41253433098524,2,pink_worm,43.52027642331442,12,0,25,5,6
118.23108251488398,206.18778700881563,2,pink_worm,37.29109743260121,12,0,25,5,6
140.4447168039401,209.1109952447423,2,pink_worm,31.873353534091958,12,0,25,5,6
155.00365104858136,204.45233877740017,2,pink_worm,35.035908484196696,12,0,25,5,6
138.1344995372271,207.95451972637863,2,pink_worm,31.864164566899927,12,0,25,5,6
112.62268024120061,208.34787453577218,2,pink_worm,38.513101055709164,12,0,25,5,6
120.60464617797265,206.20836992779977,2,pink_worm,34.07821763954878,12,0,25,5,6
151.8009987584066,207.9660562177895,2,pink_worm,38.80445830106024,12,0,25,5,6
162.99990254083954,207.2031185179532,2,pink_worm,33.960967877692944,12,0,25,5,6
109.38629662433294,212.73794005396203,2,pink_worm,36.45530721522452,12,0,25,5,6
72.68928555472392,206.37642476874566,2,pink_worm,33.27826478099878,12,0,25,5,6
158.20425669935037,205.31257684207816,2,pink_worm,37.288593035781,12,0,25,5,6
134.02643967483755,204.37459895032137,2,pink_worm,30.40490577417402,12,0,25,5,6
84.58910766469475,205.455521986178,2,pink_worm,35.062349483573186,12,0,25,5,6
111.38182769796909,208.40628235329905,2,pink_worm,35.10333392251411,12,0,25,5,6
167.4445235016845,207.944435331121,2,pink_worm,37.758160778518956,12,0,25,5,6
73.67299659985076,205.52010389804042,2,pink_worm,36.682787651695406,12,0,25,5,6
157.55472627502388,205.43931145902266,2,pink_worm,37.077581034905094,12,0,25,5,6
137.98689033728678,205.09462999240787,2,pink_worm,32.34980647382302,12,0,25,5,6
151.5156689045807,207.8289828903923,2,pink_worm,37.24811240695447,12,0,25,5,6
111.27109619591084,211.58809735639147,2,pink_worm,36.81309217350457,12,0,25,5,6
172.78791158547187,210.00000951464165,2,pink_worm,37.90550679350115,12,0,25,5,6
142.48305552848416,213.03699239239276,2,pink_worm,39.13923577299683,12,0,25,5,6
137.94831523798103,204.45721880762602,2,pink_worm,37.59065250637809,12,0,25,5,6
106.68647988817874,210.01330378944795,2,pink_worm,36.785340665507036,12,0,25,5,6
115.89260168549501,209.99092960259082,2,pink_worm,36.898833466714784,12,0,25,5,6
105.46216290867311,207.2643739059609,2,pink_worm,35.716129720317824,12,0,25,5,6
128.39269302146752,208.0377121018243,2,pink_worm,31.756536920274936,12,0,25,5,6
126.03858158396505,213.22377709901255,2,pink_worm,34.51463982395662,12,0,25,5,6
99.78148600462838,208.13668546900624,2,pink_worm,36.02180599695682,12,0,25,5,6
128.50492576749704,208.49448483842534,2,pink_worm,33.52381725351226,12,0,25,5,6
79.14028792002406,210.3838170869106,2,pink_worm,34.383213201705594,12,0,25,5,6
76.75014189537931,204.97433877793742,2,pink_worm,35.28754362644845,12,0,25,5,6
136.2901709431825,209.11025978048403,2,pink_worm,34.137265278878544,12,0,25,5,6
77.08378171580712,210.23802525815373,2,pink_worm,32.61424905810857,12,0,25,5,6
105.66542581885375,207.51654754518546,2,pink_worm,31.70387573790492,12,0,25,5,6
132.59620715626988,211.03667005530704,2,pink_worm,34.09785359031746,12,0,25,5,6
151.75145631675252,204.00601570774552,2,pink_worm,37.00924455595546,12,0,25,5,6
167.22736204961097,207.64084262674416,2,pink_worm,33.32551685979246,12,0,25,5,6
110.8921958691833,208.04503557367667,2,pink_worm,37.82297330414325,12,0,25,5,6
169.82814631094078,208.4519490877649,2,pink_worm,37.70324266313186,12,0,25,5,6
99.41547057487094,206.65529678661483,2,pink_worm,30.88753377924935,12,0,25,5,6
170.26024207753267,211.0170361766406,2,pink_worm,26.703610261464192,12,0,25,5,6
123.60281397765115,208.76547990924186,2,pink_worm,36.01175866442634,12,0,25,5,6
134.32689604700516,206.63382915977218,2,pink_worm,31.793173633156645,12,0,25,5,6
79.73734664359222,212.86944548672835,2,pink_worm,31.25383311092962,12,0,25,5,6
81.90453427811778,212.4315623859627,2,pink_worm,30.923365892358763,12,0,25,5,6
129.5719909889783,212.84669853123958,2,pink_worm,40.30048972728399,12,0,25,5,6
163.84495493556273,207.4580423034944,2,pink_worm,37.006822415293655,12,0,25,5,6
162.61227443278932,213.00892501824583,2,pink_worm,29.58528186856465,12,0,25,5,6
68.59708708790383,207.47307278198764,2,pink_worm,36.27803773490414,12,0,25,5,6
110.74434760970564,206.70904420741502,2,pink_worm,31.32614611843549,12,0,25,5,6
96.01847830139518,206.84241910135145,2,pink_worm,35.290273992536086,12,0,25,5,6
170.27975920520686,210.95063838865434,2,pink_worm,33.43966317945052,12,0,25,5,6
112.24913123499634,210.46819834434584,2,pink_worm,33.50442092612984,12,0,25,5,6
141.26342118243474,210.2498415488516,2,pink_worm,35.22265341618222,12,0,25,5,6
131.91079499883165,210.554760132002,2,pink_worm,36.705213548082554,12,0,25,5,6
169.91453484419685,212.72299009916705,2,pink_worm,32.41750672530567,12,0,25,5,6
102.51394591442406,204.6771616577395,2,pink_worm,37.28626938072059,12,0,25,5,6
104.45225692753607,209.7502963920879,2,pink_worm,32.98037831576114,12,0,25,5,6
156.25795477157646,207.38778342889069,2,pink_worm,39.77751399384862,12,0,25,5,6
86.12539554950001,210.65944951849585,2,pink_worm,34.52130141803161,12,0,25,5,6
79.64604719283444,213.3374016085263,2,pink_worm,38.49362201415161,12,0,25,5,6
150.02732277046653,210.69562946332877,2,pink_worm,30.99192140924402,12,0,25,5,6
102.05260550691185,205.94531023722027,2,pink_worm,29.157928732901524,12,0,25,5,6
76.1807645055746,209.97512949821257,2,pink_worm,37.49084738824966,12,0,25,5,6
160.19478909640623,211.83392914280222,2,pink_worm,31.415376793817682,12,0,25,5,6
115.22789662503489,209.05506548624388,2,pink_worm,39.587109200914355,12,0,25,5,6
80.57233763830713,205.04012610796755,2,pink_worm,36.01225263466794,12,0,25,5,6
70.72868370779882,213.44707378590905,2,pink_worm,31.90276772917626,12,0,25,5,6
84.40544585041555,204.43835356451422,2,pink_worm,34.8085399016971,12,0,25,5,6
86.80617111579281,204.1643563393082,2,pink_worm,35.31049432393562,12,0,25,5,6
168.37076817960997,210.092657669312,2,pink_worm,31.842711039495015,12,0,25,5,6
145.11636610115855,211.86557587746935,2,pink_worm,30.489057299872325,12,0,25,5,6
128.20674792530934,209.96816317327412,2,pink_worm,36.905149081399244,12,0,25,5,6
145.77113363610704,210.91883594851882,2,pink_worm,35.668523036200895,12,0,25,5,6
168.05561628666018,204.52055020830568,2,pink_worm,34.584456896029124,12,0,25,5,6
103.70514608487767,212.58522973702915,2,pink_worm,31.74756867816482,12,0,25,5,6
101.48121157234314,209.8125889336336,2,pink_worm,32.81332953231522,12,0,25,5,6
162.51360311479442,205.3604038076287,2,pink_worm,41.74110866802786,12,0,25,5,6
96.61126234898424,209.94892112489433,2,pink_worm,37.58823188020907,12,0,25,5,6
144.81831937053644,209.64592863664873,2,pink_worm,36.35502015751753,12,0,25,5,6
166.83591157541616,207.7329077765404,2,pink_worm,36.98546482823792,12,0,25,5,6
81.38549513475567,210.56645662966096,2,pink_worm,37.057077955887536,12,0,25,5,6
122.89942218743904,204.67270668241568,2,pink_worm,34.29475375695273,12,0,25,5,6
90.86106742419403,210.5492280804919,2,pink_worm,32.6481999844128,12,0,25,5,6
168.11193685855048,209.77669011136894,2,pink_worm,35.672245378987014,12,0,25,5,6
131.71488397847517,206.98834442499202,2,pink_worm,28.762394746794016,12,0,25,5,6
142.79975953787147,210.77980787971447,2,pink_worm,29.738036244599904,12,0,25,5,6
71.8048324387742,207.9105652254469,2,pink_worm,35.40252476295632,12,0,25,5,6
173.5994025019291,208.60588242608858,2,pink_worm,30.841411518429354,12,0,25,5,6
84.21870995612556,212.8530792872763,2,pink_worm,39.98471266559061,12,0,25,5,6
170.1565564658464,205.2168481375267,2,pink_worm,32.368296993643156,12,0,25,5,6
112.1135485719524,205.87020941767,2,pink_worm,30.43339369066183,12,0,25,5,6
138.5031686649943,206.74921940105267,2,pink_worm,31.831691040933272,12,0,25,5,6
119.01886821229897,213.45911349612578,2,pink_worm,33.68976594011441,12,0,25,5,6
165.68456995626644,207.5734667960059,2,pink_worm,33.981185766603645,12,0,25,5,6
147.6231366326827,206.34026304853901,2,pink_worm,32.735290929161394,12,0,25,5,6
100.56329901334374,211.22429655528046,2,pink_worm,37.319195422296445,12,0,25,5,6
107.88531287831503,209.404196728319,2,pink_worm,35.73301969605125,12,0,25,5,6
111.02521002926572,208.70204993394154,2,pink_worm,40.484780898623626,12,0,25,5,6
77.4071563973883,212.67974197579932,2,pink_worm,35.02611554563444,12,0,25,5,6
144.3137894591378,204.2032367132271,2,pink_worm,30.624993860097725,12,0,25,5,6
107.24085963500589,210.2145117035132,2,pink_worm,38.28939296893979,12,0,25,5,6
75.76147269904314,209.2048634806493,2,pink_worm,35.37952420589244,12,0,25,5,6
114.94364304773279,211.75910804194814,2,pink_worm,37.769815698704534,12,0,25,5,6
111.01723895111674,205.86070358782104,2,pink_worm,39.95211042817981,12,0,25,5,6
142.14960325883447,208.81936019624277,2,pink_worm,36.578914778747496,12,0,25,5,6
148.42170634986786,206.4640271640756,2,pink_worm,36.39501034403651,12,0,25,5,6
82.13237155475315,212.80649203729743,2,pink_worm,36.88200146994423,12,0,25,5,6
159.32091808193528,208.06849025809166,2,pink_worm,37.564002397416566,12,0,25,5,6
124.62306822461457,209.69990564022217,2,pink_worm,36.539795869809616,12,0,25,5,6
110.25140322112051,213.35278992624927,2,pink_worm,30.318852679034073,12,0,25,5,6
71.1954754317607,212.10147690595065,2,pink_worm,30.368342178445626,12,0,25,5,6
128.79222692143048,208.92038949755857,2,pink_worm,39.90343907528394,12,0,25,5,6
145.04502957097998,205.02548737362463,2,pink_worm,36.90987864954735,12,0,25,5,6
173.8410327004239,211.1745494372986,2,pink_worm,34.45075175830229,12,0,25,5,6
80.50874731903579,205.91670363603748,2,pink_worm,33.442460690937736,12,0,25,5,6
156.50044066628948,212.56279837373287,2,pink_worm,32.77974218628999,12,0,25,5,6
87.82332226048322,208.11254781061953,2,pink_worm,36.874652401428705,12,0,25,5,6
114.71297784754552,210.38398411250273,2,pink_worm,36.863713833831895,12,0,25,5,6
93.45255468346245,211.61553529896483,2,pink_worm,38.12636031701457,12,0,25,5,6
137.9743546766121,205.32404979739104,2,pink_worm,37.502330147480414,12,0,25,5,6
104.87102441503939,210.9306171162846,2,pink_worm,35.94993977134148,12,0,25,5,6
81.55369049161055,212.8185908495103,2,pink_worm,32.575255026166445,12,0,25,5,6
153.6562032226099,205.9781401044494,2,pink_worm,35.827450927816685,12,0,25,5,6
92.84088015311573,212.85589748923698,2,pink_worm,36.90640788239875,12,0,25,5,6
129.54156442493462,207.91460381383556,2,pink_worm,32.393174843149,12,0,25,5,6
91.86376124547003,205.82137740481338,2,pink_worm,33.42476561992392,12,0,25,5,6
87.90790118848534,205.69430941720648,2,pink_worm,35.24876516155541,12,0,25,5,6
164.81134948715928,206.06993495422452,2,pink_worm,32.95889237346647,12,0,25,5,6
126.9914356739322,211.17629880591429,2,pink_worm,38.791654078999585,12,0,25,5,6
84.72579261093576,204.06925994261326,2,pink_worm,34.529100419767474,12,0,25,5,6
91.81840246590765,205.2215278096358,2,pink_worm,36.23425722234133,12,0,25,5,6
95.00399039846783,207.68539359997467,2,pink_worm,33.689008397388235,12,0,25,5,6
138.10579156932673,204.85882993598196,2,pink_worm,35.061822447619406,12,0,25,5,6
116.22031097115547,210.8216140633877,2,pink_worm,36.09870863262599,12,0,25,5,6
142.2631511715996,212.2336794317512,2,pink_worm,31.159494656100794,12,0,25,5,6
128.69649883594212,210.73217155262384,2,pink_worm,30.858138557227992,12,0,25,5,6
107.67482764326961,209.22089534973293,2,pink_worm,39.790221684649225,12,0,25,5,6
68.51044332175286,209.8381619741471,2,pink_worm,31.92475882504213,12,0,25,5,6
108.40793758577678,208.32194518356144,2,pink_worm,31.373206521689397,12,0,25,5,6
135.64526855073473,209.02985798146912,2,pink_worm,44.12736259186321,12,0,25,5,6
97.20732478868803,207.17985876506557,2,pink_worm,34.24062620551266,12,0,25,5,6
158.47712359164774,205.8586162893819,2,pink_worm,38.33945435548848,12,0,25,5,6
91.33253202892082,209.88744741720973,2,pink_worm,30.942157633420848,12,0,25,5,6
126.69343909285514,208.15365245183696,2,pink_worm,38.61006484732276,12,0,25,5,6
103.9722855918748,210.85289988965695,2,pink_worm,32.9112560336944,12,0,25,5,6
68.54317264028124,211.82198154886834,2,pink_worm,28.820531286039703,12,0,25,5,6
107.06719845445795,211.58418074930415,2,pink_worm,33.753080119046444,12,0,25,5,6
159.6912114102144,206.0198773060305,2,pink_worm,39.29152561012465,12,0,25,5,6
126.01272248405596,213.00559778160203,2,pink_worm,34.61664062274216,12,0,25,5,6
161.14872263723169,211.64862911091677,2,pink_worm,32.23469467102361,12,0,25,5,6
72.05767552342583,205.0427476058365,2,pink_worm,33.991288221334955,12,0,25,5,6
169.75101332052938,204.16153814473589,2,pink_worm,38.197691566243876,12,0,25,5,6
160.38514751857565,211.0816759377723,2,pink_worm,35.62853300566419,12,0,25,5,6
125.71517728571163,208.6648790419578,2,pink_worm,33.94502742616673,12,0,25,5,6
162.23529158552986,211.78965173301637,2,pink_worm,27.942192277929298,12,0,25,5,6
107.71696216193173,206.15982028388575,2,pink_worm,36.67059532756073,12,0,25,5,6
77.24776067219612,205.25938999608263,2,pink_worm,33.657646430554536,12,0,25,5,6
133.32288941899975,206.7946650721202,2,pink_worm,32.50861880623015,12,0,25,5,6
73.83091677685007,208.75953719087013,2,pink_worm,33.37098272223554,12,0,25,5,6
152.76067348535165,209.7538067534883,2,pink_worm,31.82824903748915,12,0,25,5,6
131.86371493312592,207.9146063183703,2,pink_worm,34.828444717596135,12,0,25,5,6
86.23778160659164,208.1716075777312,2,pink_worm,34.469140219088985,12,0,25,5,6
168.61042720555415,204.3377828593101,2,pink_worm,36.91495170133,12,0,25,5,6
127.42067920901175,204.72519564700463,2,pink_worm,41.361652007415515,12,0,25,5,6
100.55820723852042,211.14571103495553,2,pink_worm,37.118259934952775,12,0,25,5,6
91.92316097554547,209.15611802999226,2,pink_worm,38.39039731050718,12,0,25,5,6
110.06100485282985,204.6277012628852,2,pink_worm,34.894139654025565,12,0,25,5,6
93.19035865813971,205.792366565284,2,pink_worm,39.427460134731376,12,0,25,5,6
99.57243604015785,207.26465593141575,2,pink_worm,37.86530966401506,12,0,25,5,6
160.86119032891793,205.2188794948218,2,pink_worm,37.117857606962716,12,0,25,5,6
72.76979012098849,208.22363845543276,2,pink_worm,34.07613209859619,12,0,25,5,6
89.87438332037176,208.42003010488912,2,pink_worm,40.32980614406028,12,0,25,5,6
109.44700169960399,208.15686768175678,2,pink_worm,32.59629951131542,12,0,25,5,6
126.40191119260592,205.28244367133286,2,pink_worm,37.517799981131276,12,0,25,5,6
94.95829477673684,208.10797286447888,2,pink_worm,36.67058849914882,12,0,25,5,6
70.87515279682765,213.11051809743614,2,pink_worm,41.64599703227078,12,0,25,5,6
129.14269120698592,210.6223621101336,2,pink_worm,28.01664813058911,12,0,25,5,6
131.4559462825448,210.25719000377714,2,pink_worm,32.935230159929716,12,0,25,5,6
108.26210155709032,205.05064793044724,2,pink_worm,38.171136205414555,12,0,25,5,6
142.91326857107873,207.47694799709762,2,pink_worm,36.02915562158904,12,0,25,5,6
90.16513651192645,210.8744060555474,2,pink_worm,41.37338384132945,12,0,25,5,6
144.792390625693,206.69080694952913,2,pink_worm,33.836642942126716,12,0,25,5,6
169.3352079586852,206.86023155251212,2,pink_worm,36.42282077326145,12,0,25,5,6
149.55354182778387,209.88721763614888,2,pink_worm,34.7988172534231,12,0,25,5,6
161.36483071206027,205.58980272883045,2,pink_worm,36.91671322028709,12,0,25,5,6
130.25550797154892,212.9236802574143,2,pink_worm,36.39609643222926,12,0,25,5,6
164.22123240494125,210.93962788474764,2,pink_worm,30.04016968742866,12,0,25,5,6
147.9586286679702,210.26078613157696,2,pink_worm,35.146690163727776,12,0,25,5,6
70.71304924587223,210.52487287873166,2,pink_worm,35.73897524736868,12,0,25,5,6
73.30144597191652,209.78925366873233,2,pink_worm,30.765269879487864,12,0,25,5,6
91.38584366695243,210.04921703247112,2,pink_worm,35.099326800273964,12,0,25,5,6
144.15361345279774,211.20397665300806,2,pink_worm,39.662054500443695,12,0,25,5,6
136.96707117897074,207.19395776311518,2,pink_worm,34.36428457542236,12,0,25,5,6
147.62072627606528,207.0196564004814,2,pink_worm,31.298178469085073,12,0,25,5,6
173.4184234060752,209.03848284981103,2,pink_worm,36.54534803574754,12,0,25,5,6
116.93480153049458,210.20441298161433,2,pink_worm,35.14356171658925,12,0,25,5,6
164.3485441377959,206.4273555402056,2,pink_worm,36.239822545835,12,0,25,5,6
159.99799092769854,212.5394648103665,2,pink_worm,32.23819609511712,12,0,25,5,6
175.47254089790317,208.82405472035276,2,pink_worm,38.99222522433527,12,0,25,5,6
120.35110445078513,209.6346949220684,2,pink_worm,36.26144884569565,12,0,25,5,6
89.69377791008235,205.28175661241923,2,pink_worm,39.75651550101891,12,0,25,5,6
97.54684276195323,213.12875091965782,2,pink_worm,31.82276068189212,12,0,25,5,6
92.37749466846178,206.42814756804012,2,pink_worm,34.487104272853514,12,0,25,5,6
164.74267144824364,208.2073988947793,2,pink_worm,34.20751603700854,12,0,25,5,6
158.20543664751818,212.92658271544437,2,pink_worm,32.53942872867985,12,0,25,5,6
127.08600477724514,208.43336841037765,2,pink_worm,35.67862638497601,12,0,25,5,6
166.28638755044466,208.65187756364477,2,pink_worm,35.70063492778178,12,0,25,5,6
76.85406425345491,209.9349849796047,2,pink_worm,34.14928057197379,12,0,25,5,6
171.74164015793178,205.9525125313257,2,pink_worm,31.221204520359823,12,0,25,5,6
77.24821088435286,213.4396008002844,2,pink_worm,40.04219714035827,12,0,25,5,6
71.5219437336211,209.845008709445,2,pink_worm,35.07036359517892,12,0,25,5,6
169.9438414387215,204.93859877274886,2,pink_worm,32.03261825233946,12,0,25,5,6
134.75388378498457,208.78657937689212,2,pink_worm,37.045663432227144,12,0,25,5,6
122.5476042919203,213.37406545677987,2,pink_worm,38.30311547316749,12,0,25,5,6
116.17412482471092,212.27878264721144,2,pink_worm,31.627776996855715,12,0,25,5,6
167.021871205826,204.32054280455486,2,pink_worm,38.9877289964418,12,0,25,5,6
106.70575200213764,209.2596858928287,2,pink_worm,34.60930482832614,12,0,25,5,6
159.30265030004983,205.51140109555243,2,pink_worm,33.31322407915074,12,0,25,5,6
91.08077979010446,208.20873172485457,2,pink_worm,34.37786397917464,12,0,25,5,6
74.27849019104886,205.57138551227396,2,pink_worm,41.4691260641599,12,0,25,5,6
124.9788090916679,212.47371593174768,2,pink_worm,35.795254234826835,12,0,25,5,6
145.3073620516475,213.1157292806767,2,pink_worm,34.81698084703948,12,0,25,5,6
158.92963625451173,213.4592989094194,2,pink_worm,40.05173326635169,12,0,25,5,6
133.36832373577886,212.45165740048455,2,pink_worm,35.32512802851345,12,0,25,5,6
145.82924696263132,212.9149998873363,2,pink_worm,31.700221845884734,12,0,25,5,6
164.8964695847464,211.78149841042304,2,pink_worm,36.9503593114089,12,0,25,5,6
123.2520990569536,205.1435620513639,2,pink_worm,31.931013517168115,12,0,25,5,6
174.09971259388388,206.61582450899155,2,pink_worm,33.68442370237666,12,0,25,5,6
128.01971330728395,206.8233175968384,2,pink_worm,32.812836767392284,12,0,25,5,6
83.13535323516285,209.45868483064777,2,pink_worm,35.375219655667514,12,0,25,5,6
164.2291943120009,210.12134783166263,2,pink_worm,37.40912360037643,12,0,25,5,6
163.67837523659188,205.53428234761037,2,pink_worm,35.987573492956955,12,0,25,5,6
149.11128754867758,205.61965538671362,2,pink_worm,34.3050063216421,12,0,25,5,6
82.0682284651177,208.3888383477859,2,pink_worm,35.28947120841528,12,0,25,5,6
93.6004967514815,210.07056239530047,2,pink_worm,36.16023468748291,12,0,25,5,6
128.67012105791602,206.1900100847149,2,pink_worm,37.834672476044226,12,0,25,5,6
70.55752759634447,205.3388048704815,2,pink_worm,33.29698505313647,12,0,25,5,6
138.8660425341431,204.06575173634582,2,pink_worm,33.145294098174034,12,0,25,5,6
79.28400393369049,206.19644473628622,2,pink_worm,37.141089789477405,12,0,25,5,6
76.23424542142968,212.78982498359179,2,pink_worm,31.76911210500184,12,0,25,5,6
104.7995550691648,208.12891077147577,2,pink_worm,38.769147740822255,12,0,25,5,6
109.83923634737761,210.42426148539744,2,pink_worm,36.759914980581165,12,0,25,5,6
164.02046024555312,204.86978496844972,2,pink_worm,35.523245396283315,12,0,25,5,6
102.02866787484479,204.75284168948744,2,pink_worm,27.390169861492794,12,0,25,5,6
102.58372430067786,212.99650709039662,2,pink_worm,31.995468629303975,12,0,25,5,6
76.20829779736886,212.56133988428397,2,pink_worm,30.096626508521766,12,0,25,5,6
128.0961275058892,210.62401908492492,2,pink_worm,35.650953873946975,12,0,25,5,6
131.25228564935205,210.99530873510548,2,pink_worm,35.57909751911138,12,0,25,5,6
155.63149673620183,210.65103480760695,2,pink_worm,37.092476089156506,12,0,25,5,6
73.6599174021158,209.96082653835083,2,pink_worm,36.81732755353382,12,0,25,5,6
122.25,213.49999989999998,0,line,0,0,0,0,0,0
76.48049641285536,206.19137170551167,2,pink_worm,36.77480374116103,12,0,25,5,6
87.48455056438024,212.2688295883301,2,pink_worm,32.89057902855451,12,0,25,5,6
132.48405365010106,204.53065613420605,2,pink_worm,34.702526398080295,12,0,25,5,6
108.39572731503569,206.66998811030012,2,pink_worm,36.40078442097007,12,0,25,5,6
133.29755910988604,204.06033345468185,2,pink_worm,37.863666652927094,12,0,25,5,6
80.79507996334499,207.914693840525,2,pink_worm,39.86485741054449,12,0,25,5,6
160.91300494317352,211.7265172347614,2,pink_worm,40.49618378935205,12,0,25,5,6
131.4307828467018,211.18835287443926,2,pink_worm,33.960010787633884,12,0,25,5,6
163.85360307826457,209.29427248366304,2,pink_worm,31.69093158046677,12,0,25,5,6
88.83772864012494,209.07202534768865,2,pink_worm,34.394803518067846,12,0,25,5,6
149.67989076165628,204.22419200816623,2,pink_worm,32.76607067370351,12,0,25,5,6
150.04401423673966,206.27403685211567,2,pink_worm,36.070017302715996,12,0,25,5,6
100.37229534679358,209.19449944909238,2,pink_worm,29.66270824207993,12,0,25,5,6
68.5,208.74999989999998,0,line,0,0,0,0,0,0
150.2430428058104,204.84893225754013,2,pink_worm,28.3666411266397,12,0,25,5,6
120.74967563556365,213.04876231209371,2,pink_worm,32.97164628970705,12,0,25,5,6
94.84073794870739,212.22555602129924,2,pink_worm,31.52082492557534,12,0,25,5,6
163.9824596442416,207.82399658485446,2,pink_worm,28.55377312362365,12,0,25,5,6
117.60413797340823,204.90113808003065,2,pink_worm,37.641866632706844,12,0,25,5,6
146.39473241051263,204.69345087012616,2,pink_worm,38.81030326402671,12,0,25,5,6
164.99342910552622,212.29702289956566,2,pink_worm,35.40091043984445,12,0,25,5,6
95.28989960371337,210.61767807340996,2,pink_worm,36.25661264385811,12,0,25,5,6
72.27505401462405,206.84116511239773,2,pink_worm,34.51844174403709,12,0,25,5,6
85.24741691287035,208.5585291608021,2,pink_worm,28.655962049437814,12,0,25,5,6
122.19932543624374,204.86377392436526,2,pink_worm,37.575806252746254,12,0,25,5,6
161.10396092459166,205.20383215641533,2,pink_worm,32.94469499649007,12,0,25,5,6
112.88808791988035,205.43893164628068,2,pink_worm,38.450649112008485,12,0,25,5,6
144.72530809510113,211.00972747399666,2,pink_worm,36.6675810267048,12,0,25,5,6
92.49425586214944,206.4840020944087,2,pink_worm,34.4523337869216,12,0,25,5,6
121.59757460847067,207.84173296754417,2,pink_worm,37.4974482107671,12,0,25,5,6
136.23670937705526,207.2256975470334,2,pink_worm,36.46153641190441,12,0,25,5,6
146.21612095221286,210.43683393399655,2,pink_worm,31.475482718822462,12,0,25,5,6
129.84734645844242,208.39836782687797,2,pink_worm,38.20726329995007,12,0,25,5,6
134.03196635908205,205.2358473057956,2,pink_worm,39.21543336740471,12,0,25,5,6
71.17475823782357,211.76920478144808,2,pink_worm,32.28861305796269,12,0,25,5,6
174.88945805904905,206.73533588647393,2,pink_worm,33.12872120608372,12,0,25,5,6
134.27906313982436,213.4390499495571,2,pink_worm,33.52438110408839,12,0,25,5,6
98.01614171403855,210.21009591898712,2,pink_worm,36.281215758174646,12,0,25,5,6
78.0175240025379,211.37975348630727,2,pink_worm,36.05752044377258,12,0,25,5,6
113.8469065991505,211.10585999432115,2,pink_worm,38.050891597994514,12,0,25,5,6
133.70469383384716,206.69253657729476,2,pink_worm,38.79808822213871,12,0,25,5,6
174.99573201685553,205.626317802956,2,pink_worm,37.04481414298124,12,0,25,5,6
155.33176075224515,207.4062095400579,2,pink_worm,32.25522666179613,12,0,25,5,6
106.28618308502693,207.0230454546769,2,pink_worm,32.98820842409128,12,0,25,5,6
88.55662581608016,210.2794751631926,2,pink_worm,32.94533842763484,12,0,25,5,6
101.61709977175786,206.5606162877785,2,pink_worm,29.32447364568701,12,0,25,5,6
98.60444097839769,209.56906497552592,2,pink_worm,34.60090395864454,12,0,25,5,6
94.70114220033639,205.62109648241784,2,pink_worm,37.16324465051269,12,0,25,5,6
96.88571226079549,205.23204185554894,2,pink_worm,34.44304279544788,12,0,25,5,6
72.39136487616157,209.96656942734265,2,pink_worm,37.13450636741579,12,0,25,5,6
168.94360645851242,204.76324270057486,2,pink_worm,35.54480350509706,12,0,25,5,6
160.03161328960118,208.94180820093527,2,pink_worm,35.15041204031785,12,0,25,5,6
112.76269856929773,212.60421481937115,2,pink_worm,31.43615382501792,12,0,25,5,6
87.62822583443595,211.58372964431126,2,pink_worm,37.51231092488047,12,0,25,5,6
165.31271631410874,204.1136308040662,2,pink_worm,34.0410820653557,12,0,25,5,6
113.63921334609189,209.96109059417978,2,pink_worm,31.968458626691657,12,0,25,5,6
80.12684240941567,208.86955571460436,2,pink_worm,36.56643996203856,12,0,25,5,6
102.99812560758215,206.3487394243008,2,pink_worm,33.68818612364823,12,0,25,5,6
92.67227428104519,212.88576749918136,2,pink_worm,32.29372967807359,12,0,25,5,6
103.69594271444882,204.38666440222858,2,pink_worm,31.803913896951247,12,0,25,5,6
120.62573006585345,207.84217700041276,2,pink_worm,34.672794763672655,12,0,25,5,6
121.79573896928736,206.11589368311138,2,pink_worm,32.241030876443,12,0,25,5,6
115.2774153018251,209.66423981439738,2,pink_worm,32.81779361639337,12,0,25,5,6
132.60970617924997,212.24305715552515,2,pink_worm,31.89542334365765,12,0,25,5,6
74.4944372875932,209.6698688675876,2,pink_worm,35.13410554351853,12,0,25,5,6
134.53504818382936,213.47596404180982,2,pink_worm,41.933778716570735,12,0,25,5,6
82.03734695823086,213.46018860127216,2,pink_worm,33.51836177525343,12,0,25,5,6
158.68448971231464,212.16531159071505,2,pink_worm,42.08741518167025,12,0,25,5,6
165.5481584440527,207.97113421207763,2,pink_worm,36.16987147750325,12,0,25,5,6
103.34199140445403,211.5314040578068,2,pink_worm,37.28049249752544,12,0,25,5,6
164.5030003930101,212.32352191240983,2,pink_worm,36.04351980839145,12,0,25,5,6
119.29357145610902,206.40056212678093,2,pink_worm,38.86593573023944,12,0,25,5,6
92.5588377944905,205.31880384571429,2,pink_worm,35.419279341462946,12,0,25,5,6
155.4766752935186,213.4602477153901,2,pink_worm,35.79161253247237,12,0,25,5,6
82.47781334772921,205.55166078645496,2,pink_worm,33.36582237239843,12,0,25,5,6
102.25184989597254,208.5813313831567,2,pink_worm,33.33969808338763,12,0,25,5,6
143.21635713937997,210.3475808577446,2,pink_worm,30.374760031233944,12,0,25,5,6
125.78813571754712,211.68217442186474,2,pink_worm,32.31880738697179,12,0,25,5,6
149.53690508196874,204.35112897628673,2,pink_worm,36.20173877198148,12,0,25,5,6
133.98651088254232,207.42680486927804,2,pink_worm,38.99514568256115,12,0,25,5,6
90.25176647535324,207.33175660004844,2,pink_worm,37.95086920162483,12,0,25,5,6
87.71716793084025,210.59952278735264,2,pink_worm,40.162238840556334,12,0,25,5,6
93.94279013869091,205.5924055828499,2,pink_worm,35.863413158666816,12,0,25,5,6
97.99924325448939,213.3039759980149,2,pink_worm,39.01385056729772,12,0,25,5,6
72.2276587858889,205.54933323416745,2,pink_worm,35.431913949083814,12,0,25,5,6
121.20357052978748,211.37048136532087,2,pink_worm,33.53763681266053,12,0,25,5,6
151.58704184464935,205.21504534259256,2,pink_worm,34.63719964325772,12,0,25,5,6
157.70490611269452,206.96833814015557,2,pink_worm,36.80080443891725,12,0,25,5,6
109.20709245620309,213.3419779371758,2,pink_worm,36.70512414811636,12,0,25,5,6
147.40472281262066,212.94550757356058,2,pink_worm,38.40847630362762,12,0,25,5,6
128.91264900675688,210.9976465531997,2,pink_worm,34.228272933461625,12,0,25,5,6
115.51943274079184,205.62634306411195,2,pink_worm,39.36198688480521,12,0,25,5,6
77.02141198311037,206.9661066192163,2,pink_worm,31.70425995002924,12,0,25,5,6
146.20622810799262,208.0511312942079,2,pink_worm,33.72334111247115,12,0,25,5,6
152.6887965267526,205.73187180565083,2,pink_worm,31.77234516741136,12,0,25,5,6
73.17296516922379,204.9633129072358,2,pink_worm,38.99317610443264,12,0,25,5,6
105.58945468735863,211.01268526654275,2,pink_worm,35.522238127742966,12,0,25,5,6
175.01405069909745,212.6299824767349,2,pink_worm,39.55455568352851,12,0,25,5,6
156.30011674292854,213.01706668051364,2,pink_worm,33.19687719302213,12,0,25,5,6
150.77411151170963,210.0058176677185,2,pink_worm,35.70344686694841,12,0,25,5,6
73.71221187654179,207.4172352485359,2,pink_worm,34.283042106951704,12,0,25,5,6
146.73585237247977,210.48269992913686,2,pink_worm,38.1114276850944,12,0,25,5,6
161.5387861129775,213.31510397438507,2,pink_worm,37.46682951835418,12,0,25,5,6
155.8701470549359,205.6530252647539,2,pink_worm,38.68827782707626,12,0,25,5,6
122.15046066528399,204.86003375275013,2,pink_worm,37.104522979867376,12,0,25,5,6
95.46783642336781,210.7872394930565,2,pink_worm,34.39969652642458,12,0,25,5,6
87.46490723936279,206.8933792420733,2,pink_worm,33.63069039500724,12,0,25,5,6
114.64569376500492,205.8084441517126,2,pink_worm,35.19012527969394,12,0,25,5,6
91.50845470224986,205.05776589237763,2,pink_worm,45.44794012515166,12,0,25,5,6
103.78081190334065,211.100295434433,2,pink_worm,35.692838258661254,12,0,25,5,6
99.44916433531787,206.5976515489569,2,pink_worm,34.668010612480195,12,0,25,5,6
73.38010873986906,205.4285809817605,2,pink_worm,40.64303504895408,12,0,25,5,6
103.20694019494988,205.92626016281056,2,pink_worm,30.009289763260753,12,0,25,5,6
139.59687754484156,213.15256414926324,2,pink_worm,31.315853755146254,12,0,25,5,6
113.24838937586952,205.95319407673938,2,pink_worm,35.136295120918604,12,0,25,5,6
169.6261081426702,209.82839272812487,2,pink_worm,38.77457212525378,12,0,25,5,6
170.79215846911507,204.63071945546284,2,pink_worm,36.11983621505883,12,0,25,5,6
153.42106139719095,205.257655800866,2,pink_worm,31.962212788795018,12,0,25,5,6
139.53292756160886,204.58231132624508,2,pink_worm,31.143515013108477,12,0,25,5,6
145.06085614397725,212.4233808896995,2,pink_worm,35.2915849961764,12,0,25,5,6
142.36189259992574,210.13793764805743,2,pink_worm,35.838441890589536,12,0,25,5,6
126.01445820723798,205.92898426663098,2,pink_worm,29.138266052617404,12,0,25,5,6
75.1919877697653,210.33794115722915,2,pink_worm,34.309939822541494,12,0,25,5,6
103.21537547563291,212.37251361828564,2,pink_worm,37.60291300125947,12,0,25,5,6
120.68450148289702,212.0271528905396,2,pink_worm,30.7982705810877,12,0,25,5,6
78.68415522378787,207.60236215327902,2,pink_worm,36.75818115134534,12,0,25,5,6
119.69883925433209,208.14313506905074,2,pink_worm,34.30630002625079,12,0,25,5,6
102.0981708828894,209.33754948889145,2,pink_worm,28.99444387446757,12,0,25,5,6
69.56050530760218,209.16761364226767,2,pink_worm,34.567580585102476,12,0,25,5,6
68.66548077668953,206.75902271809474,2,pink_worm,35.57429863984362,12,0,25,5,6
95.67480369543556,211.44642520312917,2,pink_worm,34.888801853866454,12,0,25,5,6
153.04473875190948,205.1531954178327,2,pink_worm,36.170895528752595,12,0,25,5,6
81.97767234246703,205.7391005290199,2,pink_worm,39.42603367087699,12,0,25,5,6
151.57539782487953,206.79480401110118,2,pink_worm,32.046992318904785,12,0,25,5,6
162.802855637545,210.91514884996826,2,pink_worm,37.37418044978122,12,0,25,5,6
155.10963020219185,206.4429729699081,2,pink_worm,34.82448488311496,12,0,25,5,6
94.95461957682468,206.9873222251544,2,pink_worm,36.6469639131267,12,0,25,5,6
121.57154020442847,211.70497348056517,2,pink_worm,35.99423797498115,12,0,25,5,6
121.2669217637393,211.73554672198253,2,pink_worm,35.08164121647281,12,0,25,5,6
130.84280003791451,207.52017858653943,2,pink_worm,27.061627569845832,12,0,25,5,6
110.00668911666455,209.2532075928065,2,pink_worm,32.211629596067105,12,0,25,5,6
119.83546616406564,204.6733846281724,2,pink_worm,31.458607749115,12,0,25,5,6
133.3171437166213,211.9496970397255,2,pink_worm,34.36483414278483,12,0,25,5,6
130.7882156132402,206.55789490028278,2,pink_worm,35.886903355754214,12,0,25,5,6
72.277921176545,204.0013375188803,2,pink_worm,39.167341976864684,12,0,25,5,6
107.14350743569464,208.1586855959781,2,pink_worm,42.10047863821465,12,0,25,5,6
147.12056775055723,204.5604177106963,2,pink_worm,37.18843476254009,12,0,25,5,6
152.47041322483182,204.4352350797476,2,pink_worm,36.38183314469853,12,0,25,5,6
120.95622695766306,208.22190659500734,2,pink_worm,36.047532070251364,12,0,25,5,6
172.35704807624046,210.63811666149496,2,pink_worm,34.478620824461444,12,0,25,5,6
114.18778747415858,210.19776001739163,2,pink_worm,38.24320741392799,12,0,25,5,6
76.17207039814436,209.219500478165,2,pink_worm,32.73663570875405,12,0,25,5,6
100.51325596992575,210.16978455490127,2,pink_worm,34.85591345481009,12,0,25,5,6
159.39040993917507,209.3684124389844,2,pink_worm,33.72092452714688,12,0,25,5,6
143.51066085814853,211.5047911976863,2,pink_worm,28.778832992764535,12,0,25,5,6
132.8699482976519,209.0999562538211,2,pink_worm,32.67520898923482,12,0,25,5,6
78.35505372237255,210.95021255354442,2,pink_worm,34.478832749540494,12,0,25,5,6
89.95770341215021,211.34471083091373,2,pink_worm,34.138120287005535,12,0,25,5,6
97.49995213676213,211.43330409199382,2,pink_worm,34.42110802925718,12,0,25,5,6
84.48921235104183,206.71396606778458,2,pink_worm,33.31530178894317,12,0,25,5,6
173.1577552037267,210.6406893522531,2,pink_worm,39.0421218462634,12,0,25,5,6
165.3487909288046,212.90405615110393,2,pink_worm,35.60386918769271,12,0,25,5,6
124.8853929930896,207.278251540717,2,pink_worm,37.87460138645793,12,0,25,5,6
85.14668121160669,207.3588122254107,2,pink_worm,31.58162211481632,12,0,25,5,6
114.50249143648438,208.58356093435356,2,pink_worm,32.36234780316182,12,0,25,5,6
145.3886789490213,211.15397418193749,2,pink_worm,39.35827519575099,12,0,25,5,6
84.20321849344643,206.45791007893163,2,pink_worm,32.79490067349478,12,0,25,5,6
146.40945078837126,207.8723935762926,2,pink_worm,33.90742374997042,12,0,25,5,6
81.6836186087917,210.79589569514928,2,pink_worm,38.04813945383444,12,0,25,5,6
142.08860846156696,213.38952083593304,2,pink_worm,39.14714226032473,12,0,25,5,6
145.51430567943726,204.73226133485198,2,pink_worm,39.218041838511375,12,0,25,5,6
148.13927275217372,206.20607178531748,2,pink_worm,34.13154031628494,12,0,25,5,6
123.26911187722881,210.78944651975942,2,pink_worm,36.87062970831117,12,0,25,5,6
167.3533375269414,212.3592568974457,2,pink_worm,33.343802197786886,12,0,25,5,6
129.23857888585837,207.31676671691002,2,pink_worm,32.66298510659587,12,0,25,5,6
81.1681794464547,204.1493782782462,2,pink_worm,36.805446381816395,12,0,25,5,6
134.27423588012013,208.65098310320337,2,pink_worm,37.596598145497005,12,0,25,5,6
136.06982748550837,210.77680390610217,2,pink_worm,34.16876913537172,12,0,25,5,6
152.40186425229956,210.18015651764236,2,pink_worm,34.88153365019079,12,0,25,5,6
155.00917587334754,209.45031838258453,2,pink_worm,36.00234927370926,12,0,25,5,6
91.68302254004925,205.59798787626337,2,pink_worm,38.869461076743804,12,0,25,5,6
92.12587832217649,208.1821826457759,2,pink_worm,39.75231613888124,12,0,25,5,6
129.86496717108534,207.2500622119889,2,pink_worm,36.75954891603509,12,0,25,5,6
175.92496319887866,209.0608987349194,2,pink_worm,36.92462123061664,12,0,25,5,6
73.82596242841237,206.25840449868133,2,pink_worm,29.492686624029314,12,0,25,5,6
87.12190064172928,208.55129496248196,2,pink_worm,32.8323435332599,12,0,25,5,6
170.74613391899675,204.10229389548724,2,pink_worm,34.093631548431844,12,0,25,5,6
75.00605104446853,208.7674132255521,2,pink_worm,36.42375782595691,12,0,25,5,6
86.2960504275677,204.98338877980134,2,pink_worm,33.960772448447855,12,0,25,5,6
172.4845253109678,211.62982351155716,2,pink_worm,37.499541053522385,12,0,25,5,6
101.39058719190812,209.01314354145262,2,pink_worm,34.010763084928385,12,0,25,5,6
174.54567043632392,210.00715768553155,2,pink_worm,33.87371128530626,12,0,25,5,6
137.8493774190169,207.10840291578197,2,pink_worm,35.115279796332146,12,0,25,5,6
82.52867004198137,204.84492054195977,2,pink_worm,37.05920260894093,12,0,25,5,6
173.59895939067297,204.0475562490437,2,pink_worm,34.52119958137507,12,0,25,5,6
84.6882671254421,211.69014251884235,2,pink_worm,28.987885373465865,12,0,25,5,6
155.96927455404818,204.16287514730408,2,pink_worm,34.958802794003674,12,0,25,5,6
108.07275915377836,207.68681434489022,2,pink_worm,29.14536582550281,12,0,25,5,6
96.92370643920478,204.70249655444232,2,pink_worm,35.00021651361492,12,0,25,5,6
95.62424278870868,209.19175392208382,2,pink_worm,30.19597751238317,12,0,25,5,6
98.35140031370959,204.18680130778168,2,pink_worm,33.733377263487284,12,0,25,5,6
152.45760159407843,209.2484335283883,2,pink_worm,38.4191991453483,12,0,25,5,6
76.71343705849516,208.77065963398843,2,pink_worm,36.05289374965537,12,0,25,5,6
151.76676573641393,209.40331342865346,2,pink_worm,34.01287466386906,12,0,25,5,6
94.7948250374078,209.1184137540946,2,pink_worm,35.35937107796303,12,0,25,5,6
136.94956713000573,204.97945020500958,2,pink_worm,32.417504576382235,12,0,25,5,6
167.26669719607673,208.63204268814462,2,pink_worm,34.7192214746521,12,0,25,5,6
72.65097113204783,205.27394326764966,2,pink_worm,33.64788693324344,12,0,25,5,6
136.421812804203,210.02821442385647,2,pink_worm,33.138213862275094,12,0,25,5,6
104.90698699792931,206.02636798491005,2,pink_worm,31.360467116453158,12,0,25,5,6
117.75732964073927,208.61855184447305,2,pink_worm,30.63548689855171,12,0,25,5,6
162.69749150572028,206.75457738120016,2,pink_worm,35.41492921104029,12,0,25,5,6
82.86977561504202,204.06209248304543,2,pink_worm,31.966557378791073,12,0,25,5,6
122.17439730935472,207.16768877695839,2,pink_worm,38.75517979213025,12,0,25,5,6
174.93801026949316,205.94737767484384,2,pink_worm,34.124720697278434,12,0,25,5,6
77.64929002298196,206.06629004100444,2,pink_worm,38.45634359212383,12,0,25,5,6
80.33872730381611,205.44766451153578,2,pink_worm,37.9315809480844,12,0,25,5,6
132.39454414073305,213.45407767331224,2,pink_worm,35.11408103686527,12,0,25,5,6
133.15156352770146,206.14533309592576,2,pink_worm,33.68667910164688,12,0,25,5,6
73.27895615469022,207.2397072989979,2,pink_worm,31.952367702295582,12,0,25,5,6
152.84910428557242,207.7562646652637,2,pink_worm,40.813538114486306,12,0,25,5,6
152.96759991727725,204.22689074875606,2,pink_worm,28.697748824889285,12,0,25,5,6
85.55857842611266,204.10398225923828,2,pink_worm,34.79008682940551,12,0,25,5,6
160.23739110300482,204.9485887681349,2,pink_worm,35.43480588249727,12,0,25,5,6
86.96240840159874,206.09747895129894,2,pink_worm,34.67252235609995,12,0,25,5,6
69.90568938718168,207.9970667125532,2,pink_worm,37.88337175217487,12,0,25,5,6
143.93743986752332,206.99288636539023,2,pink_worm,30.403229509925744,12,0,25,5,6
172.78057212168292,211.14397744574313,2,pink_worm,39.49359315802306,12,0,25,5,6
149.281424927971,207.7325048064556,2,pink_worm,39.69484731320735,12,0,25,5,6
85.17983856223171,211.33122965158844,2,pink_worm,38.77548665246536,12,0,25,5,6
149.89487813869482,210.4689761141875,2,pink_worm,37.873002575394494,12,0,25,5,6
136.7446302745016,207.65824380192868,2,pink_worm,38.51161166013204,12,0,25,5,6
159.8737780202713,206.9927017384673,2,pink_worm,29.696161863956057,12,0,25,5,6
98.4472661834113,213.18667316369894,2,pink_worm,30.925850129449323,12,0,25,5,6
142.69250462438288,204.2851096942309,2,pink_worm,32.06201177255974,12,0,25,5,6
118.56909989057732,211.53321236710758,2,pink_worm,32.40667307523336,12,0,25,5,6
158.02533056938637,204.5023197505051,2,pink_worm,35.54046701006503,12,0,25,5,6
91.37050135273668,211.56594907331151,2,pink_worm,36.91618388075003,12,0,25,5,6
93.3394819707115,210.3452002390389,2,pink_worm,30.5899378645301,12,0,25,5,6
68.57049308430842,210.78313947610476,2,pink_worm,35.03060569339577,12,0,25,5,6
169.86838872905224,212.34661172852242,2,pink_worm,31.60875706259039,12,0,25,5,6
151.36096969777708,207.00808637907477,2,pink_worm,28.717191544313604,12,0,25,5,6
138.88386803439903,205.6706274014288,2,pink_worm,33.215002120247654,12,0,25,5,6
173.83961559461383,205.98164588589128,2,pink_worm,36.29287369745626,12,0,25,5,6
101.14771924141178,205.7581354163372,2,pink_worm,37.9647556383639,12,0,25,5,6
158.7742693595747,210.7306957634748,2,pink_worm,33.778497999655606,12,0,25,5,6
157.85737631904698,211.84254060417666,2,pink_worm,35.229344207685,12,0,25,5,6
168.93802301794852,204.9974153090776,2,pink_worm,33.0031974569233,12,0,25,5,6
148.88795422876123,213.48197160981206,2,pink_worm,37.81625906702009,12,0,25,5,6
117.71971577486998,206.08844303393045,2,pink_worm,36.155268049736776,12,0,25,5,6
77.73760607944078,210.52026578136977,2,pink_worm,32.72116849771844,12,0,25,5,6
75.1871552119289,208.81567812878475,2,pink_worm,36.16925163995487,12,0,25,5,6
105.36323057093908,207.2906349993828,2,pink_worm,37.60475947639607,12,0,25,5,6
115.17573700328487,204.87022649831187,2,pink_worm,34.26473841427725,12,0,25,5,6
151.40862499867202,207.27880483301772,2,pink_worm,32.0344671372621,12,0,25,5,6
93.5762569792512,204.78230692367515,2,pink_worm,37.43823398568135,12,0,25,5,6
167.94924389489216,211.35875498761527,2,pink_worm,35.78598541095493,12,0,25,5,6
122.20892582482551,208.00614860332237,2,pink_worm,29.906429902270467,12,0,25,5,6
121.0406103870267,210.98458833706349,2,pink_worm,33.32494754715207,12,0,25,5,6
170.78931734868175,206.62071306698476,2,pink_worm,29.67992903199481,12,0,25,5,6
115.02864531811095,208.92161019796328,2,pink_worm,37.80534835938505,12,0,25,5,6
145.25374865082173,204.66120265982394,2,pink_worm,36.69447503679139,12,0,25,5,6
159.37059811201686,209.3647345670395,2,pink_worm,37.32314405440617,12,0,25,5,6
104.00759795084556,211.71345452167,2,pink_worm,34.10882409604577,12,0,25,5,6
167.025632648446,209.26618013979694,2,pink_worm,34.57172561087051,12,0,25,5,6
72.70160471000324,213.09782844137996,2,pink_worm,36.218415960645544,12,0,25,5,6
143.6317073513277,206.64429406959854,2,pink_worm,30.346090341959624,12,0,25,5,6
133.4275200582359,211.11519465774668,2,pink_worm,35.88430305793225,12,0,25,5,6
70.71171538263832,210.7842320663512,2,pink_worm,32.033268233506526,12,0,25,5,6
118.88688351966337,206.35451378771785,2,pink_worm,32.98663410089733,12,0,25,5,6
108.64658230366521,205.71488689042874,2,pink_worm,34.76373847833425,12,0,25,5,6
102.72305477168221,213.17836471270016,2,pink_worm,34.64190824574895,12,0,25,5,6
69.42053410625546,205.93759783591605,2,pink_worm,33.49544756748325,12,0,25,5,6
112.16059077077756,212.21362929753394,2,pink_worm,30.03056186692713,12,0,25,5,6
78.67286985432315,210.3619529211402,2,pink_worm,35.269017664151534,12,0,25,5,6
75.186734952151,211.11746490220477,2,pink_worm,35.03228316574126,12,0,25,5,6
73.15406395426079,211.34986237639487,2,pink_worm,32.49444735727931,12,0,25,5,6
176,208.74999989999998,0,line,0,0,0,0,0,0
112.50771983172385,208.21791087625792,2,pink_worm,27.35956596982438,12,0,25,5,6
69.30889459356806,212.3271790589849,2,pink_worm,31.774237134576516,12,0,25,5,6
161.24904679853418,208.6568000162609,2,pink_worm,37.48232735666886,12,0,25,5,6
80.89064316576045,211.5687064393609,2,pink_worm,33.39584578387918,12,0,25,5,6
173.81131486419463,211.81289828634735,2,pink_worm,36.86387150724066,12,0,25,5,6
77.28577091407574,209.89958121258604,2,pink_worm,36.327331219394225,12,0,25,5,6
119.28292728635131,207.96888217317658,2,pink_worm,42.05108754270627,12,0,25,5,6
173.75652348475228,209.97115442500117,2,pink_worm,34.214071874184896,12,0,25,5,6
107.74465407899936,208.718469230521,2,pink_worm,38.511638023066105,12,0,25,5,6
138.8095478455997,209.241469530448,2,pink_worm,31.13293715003974,12,0,25,5,6
154.82144702506315,205.91683092534362,2,pink_worm,40.36513071121331,12,0,25,5,6
81.64583686814188,210.92376890919422,2,pink_worm,37.53797718986672,12,0,25,5,6
128.66975120860488,211.93709129298384,2,pink_worm,29.68199674663292,12,0,25,5,6
157.43862039228839,212.36607536730003,2,pink_worm,29.21007665595604,12,0,25,5,6
154.0148514540181,209.66455178432057,2,pink_worm,31.533913937865123,12,0,25,5,6
141.02044943573645,204.09219328246215,2,pink_worm,37.963672644140104,12,0,25,5,6
93.45755049465323,211.6229927778657,2,pink_worm,32.12459368360804,12,0,25,5,6
92.22113705885423,208.2009374146182,2,pink_worm,34.68073748109798,12,0,25,5,6
87.13081009420146,211.87871486034547,2,pink_worm,34.072329603137945,12,0,25,5,6
158.81744256124875,207.80496468576732,2,pink_worm,35.85836946215133,12,0,25,5,6
80.27343739186328,207.26132666356003,2,pink_worm,42.42904321406322,12,0,25,5,6
72.72228123243606,206.62400548493656,2,pink_worm,39.26387990425737,12,0,25,5,6
146.63855164510284,206.7171051451696,2,pink_worm,38.17577554555089,12,0,25,5,6
167.072624321324,211.37236156233482,2,pink_worm,35.43686203480473,12,0,25,5,6
155.664327444788,204.03418762019467,2,pink_worm,29.611876893249615,12,0,25,5,6
86.5260300896059,209.87347549597916,2,pink_worm,34.492712821755205,12,0,25,5,6
73.36257903761638,212.49566709449635,2,pink_worm,32.58320382797302,12,0,25,5,6
171.82933599845012,205.73395333458856,2,pink_worm,31.082137041718855,12,0,25,5,6
120.5533882295495,211.94922010450782,2,pink_worm,34.4517478274181,12,0,25,5,6
172.69329505312692,207.78356388417657,2,pink_worm,36.07914553316849,12,0,25,5,6
103.8703574164855,212.31195333049718,2,pink_worm,31.4450973262252,12,0,25,5,6
154.7523698906022,206.29754267876612,2,pink_worm,30.595236656833727,12,0,25,5,6
81.47356872004983,212.0534036032991,2,pink_worm,37.23533443551096,12,0,25,5,6
151.39883280220056,210.98095365776243,2,pink_worm,27.36241353329379,12,0,25,5,6
90.99069103358391,211.0994930716147,2,pink_worm,33.30678700755207,12,0,25,5,6
169.90868157617555,208.63454762699013,2,pink_worm,35.71843228244843,12,0,25,5,6
160.4686817708539,211.67321984596322,2,pink_worm,34.62481908833577,12,0,25,5,6
171.55633978595233,208.71366746775968,2,pink_worm,40.22611433416755,12,0,25,5,6
166.87246945073508,208.8633266670184,2,pink_worm,32.8281522638053,12,0,25,5,6
130.6479550728814,212.18446889809402,2,pink_worm,35.11821273922319,12,0,25,5,6
128.30425661839868,211.21525129320267,2,pink_worm,34.101342077803594,12,0,25,5,6
97.76046416449863,211.71860740152687,2,pink_worm,37.04724950191234,12,0,25,5,6
170.73025238544727,210.6566173922568,2,pink_worm,34.60995463022122,12,0,25,5,6
137.7802065217026,208.9589341299406,2,pink_worm,34.75707277550114,12,0,25,5,6
133.5628554140917,210.13427734324344,2,pink_worm,31.88520626925734,12,0,25,5,6
114.38151294280203,205.43710285783652,2,pink_worm,31.664250619223417,12,0,25,5,6
106.41157508136557,207.07588381970675,2,pink_worm,37.81230664947684,12,0,25,5,6
105.51186110159071,211.1052532033348,2,pink_worm,38.01991267156512,12,0,25,5,6
70.81647541530594,212.27125056347052,2,pink_worm,34.485886046840626,12,0,25,5,6
115.33490610559551,209.9748114819647,2,pink_worm,31.85966449015897,12,0,25,5,6
111.3586946628345,211.801504812738,2,pink_worm,31.943341732542923,12,0,25,5,6
167.93511376336866,205.74428266895387,2,pink_worm,35.024936145835326,12,0,25,5,6
80.04003476567014,211.86803966073177,2,pink_worm,32.14391335790519,12,0,25,5,6
123.99591440722085,207.46786093803658,2,pink_worm,33.530967739237866,12,0,25,5,6
168.25417801455984,207.11441602066353,2,pink_worm,34.68693763972789,12,0,25,5,6
118.3756189513581,209.3000095437072,2,pink_worm,31.46945143611007,12,0,25,5,6
121.56956645642818,212.7832066726766,2,pink_worm,33.258559962070635,12,0,25,5,6
171.77209541155105,212.41893067323673,2,pink_worm,39.89700645024827,12,0,25,5,6
160.08619226739233,206.6425665494788,2,pink_worm,35.83781052662232,12,0,25,5,6
122.7246238166366,206.3001068371232,2,pink_worm,30.607253064657854,12,0,25,5,6
101.02003565125867,212.65822551517454,2,pink_worm,33.474893065075776,12,0,25,5,6
154.9082835815186,213.11579279495896,2,pink_worm,29.75480733594332,12,0,25,5,6
117.56034723694063,210.75820247743226,2,pink_worm,37.69067541846147,12,0,25,5,6
140.9204546778107,209.62756661260883,2,pink_worm,37.655313381310634,12,0,25,5,6
98.4301222262587,204.84472770061282,2,pink_worm,37.88521886290753,12,0,25,5,6
170.9693421910591,205.36033353454354,2,pink_worm,37.687174746769955,12,0,25,5,6
166.3741542474794,211.14261734219153,2,pink_worm,30.722166144887357,12,0,25,5,6
174.65586414337142,212.82992050932762,2,pink_worm,34.46790563319425,12,0,25,5,6
149.06538822158268,207.13103982239255,2,pink_worm,35.57288025901288,12,0,25,5,6
96.76520136691207,209.93447404613383,2,pink_worm,36.834831874439004,12,0,25,5,6
137.9340810030921,208.3933257778391,2,pink_worm,37.41847923387487,12,0,25,5,6
145.0536551975121,210.77801640454885,2,pink_worm,36.18823616195827,12,0,25,5,6
136.72319796555485,205.86706689879142,2,pink_worm,37.21528856632645,12,0,25,5,6
137.64849051489608,207.54867945082628,2,pink_worm,34.93108985378073,12,0,25,5,6
166.44652866147544,205.15835577537047,2,pink_worm,30.992450464566023,12,0,25,5,6
100.92785789050899,210.36971118155913,2,pink_worm,39.39081917096934,12,0,25,5,6
78.8274898949569,211.75300285701874,2,pink_worm,34.52996206272479,12,0,25,5,6
106.99796018559866,207.51790697306592,2,pink_worm,38.03095316096503,12,0,25,5,6
118.64979466156481,210.6463865672062,2,pink_worm,41.93443857015147,12,0,25,5,6
105.71331363085335,208.44215296777398,2,pink_worm,39.76187693721671,12,0,25,5,6
166.53302882011886,207.39912471470572,2,pink_worm,33.43581402704245,12,0,25,5,6
83.37255471246417,206.37758371859547,2,pink_worm,32.99023650975567,12,0,25,5,6
157.4976787833712,211.1580400609479,2,pink_worm,32.560385334543504,12,0,25,5,6
165.40274349683108,205.55926521607273,2,pink_worm,35.52239201549126,12,0,25,5,6
175.75110448691345,209.11985214007677,2,pink_worm,35.61592576543612,12,0,25,5,6
98.16342701417516,204.32127477770342,2,pink_worm,38.34815995019747,12,0,25,5,6
95.93232826718288,204.2873642814728,2,pink_worm,36.079183542446046,12,0,25,5,6
108.3387233834026,207.9950753941109,2,pink_worm,33.18542758267772,12,0,25,5,6
114.62181237444726,208.64389918024875,2,pink_worm,38.65722789651052,12,0,25,5,6
157.91856433427307,210.03916382637075,2,pink_worm,33.182060814633886,12,0,25,5,6
98.01128536427012,207.4937151761916,2,pink_worm,33.59545578513257,12,0,25,5,6
115.84261782586705,211.25585912940772,2,pink_worm,32.48184559609865,12,0,25,5,6
71.4101623640293,212.67598269426523,2,pink_worm,36.28245943317429,12,0,25,5,6
81.89216950799928,209.3578683359761,2,pink_worm,37.70890051813908,12,0,25,5,6
110.29923071797481,207.29920499259916,2,pink_worm,34.93141364979259,12,0,25,5,6
75.73969389309445,210.60209946928202,2,pink_worm,39.33599094476436,12,0,25,5,6
157.91133072914948,206.66601983417064,2,pink_worm,34.4154473860371,12,0,25,5,6
174.69562531266104,208.45474020803638,2,pink_worm,32.43276105221838,12,0,25,5,6
95.30978907876457,204.69044916705838,2,pink_worm,34.74373947540587,12,0,25,5,6
136.201612857118,204.21614926163892,2,pink_worm,29.23705832788724,12,0,25,5,6
139.41528781532543,206.46141658918324,2,pink_worm,32.22419538055153,12,0,25,5,6
127.64207047995649,206.16554853171465,2,pink_worm,34.14170346135977,12,0,25,5,6
123.28423226072802,208.675805251269,2,pink_worm,32.36935997884022,12,0,25,5,6
158.44461480149113,209.6563168659644,2,pink_worm,34.796293797920185,12,0,25,5,6
139.23037855780524,209.8157974650683,2,pink_worm,35.985107837386835,12,0,25,5,6
134.03158884776872,207.44905198427978,2,pink_worm,33.012927887646676,12,0,25,5,6
132.50023447301731,211.32082739987663,2,pink_worm,38.39170814106288,12,0,25,5,6
125.3295733066831,206.241416301164,2,pink_worm,38.1097856291846,12,0,25,5,6
143.8375584531547,207.9047009220932,2,pink_worm,35.76605521650141,12,0,25,5,6
140.50978944382263,204.1948598576446,2,pink_worm,32.81351142350448,12,0,25,5,6
167.26798725419212,206.64667034293825,2,pink_worm,29.291067177888756,12,0,25,5,6
130.7965169976926,209.03370317746808,2,pink_worm,35.091979275615294,12,0,25,5,6
81.76972277580813,208.27271312383004,2,pink_worm,29.305099606945586,12,0,25,5,6
121.77079857879966,212.955036676059,2,pink_worm,37.160352546130945,12,0,25,5,6
115.3238679287567,209.39981276803755,2,pink_worm,31.85681263499871,12,0,25,5,6
118.72664278584475,210.26917182974344,2,pink_worm,34.04443378168055,12,0,25,5,6
110.46052077099965,210.26571826311985,2,pink_worm,32.65563275089024,12,0,25,5,6
74.25773848125422,206.91769922624397,2,pink_worm,32.707972755307324,12,0,25,5,6
173.1002296827822,211.76872453728498,2,pink_worm,33.629632665489424,12,0,25,5,6
91.61653672693899,212.3393524678315,2,pink_worm,35.00140255935369,12,0,25,5,6
114.85179472810918,213.44901937972256,2,pink_worm,38.45258362456762,12,0,25,5,6
165.8424465487322,206.3040187168469,2,pink_worm,35.854315951728,12,0,25,5,6
161.58116867141186,213.02365318402346,2,pink_worm,32.105132401551955,12,0,25,5,6
97.07556824540885,211.10753265640108,2,pink_worm,37.79502348150619,12,0,25,5,6
90.14345720282611,210.86617331680637,2,pink_worm,30.284469760063402,12,0,25,5,6
92.90491517280404,209.61657242247028,2,pink_worm,30.39897757998698,12,0,25,5,6
142.3872904515926,207.6723920666215,2,pink_worm,32.357015795236066,12,0,25,5,6
126.93087952158811,209.71791771199258,2,pink_worm,35.59138219999268,12,0,25,5,6
114.04455670601973,206.6639322790087,2,pink_worm,35.0041453225829,12,0,25,5,6
102.28263434583373,210.14119290993273,2,pink_worm,33.91294774944033,12,0,25,5,6
108.74148451523439,209.0681085477182,2,pink_worm,37.48295809635672,12,0,25,5,6
110.78446153464196,210.21186734402315,2,pink_worm,32.13236296421384,12,0,25,5,6
151.61382323738104,205.34312180247682,2,pink_worm,37.12954046274101,12,0,25,5,6
120.20575466045047,212.48200884656723,2,pink_worm,35.27438134359049,12,0,25,5,6
160.06665345408354,207.73223755699073,2,pink_worm,39.96965103688109,12,0,25,5,6
109.33758697368617,204.47745220088473,2,pink_worm,33.79260423823004,12,0,25,5,6
69.69191267517513,210.16436715735284,2,pink_worm,38.98832891042636,12,0,25,5,6
76.61520376235892,210.2225157898049,2,pink_worm,32.39640420683114,12,0,25,5,6
128.3592795227697,210.55660410681247,2,pink_worm,37.635648610590536,12,0,25,5,6
125.51348909450952,212.4181777481082,2,pink_worm,38.51820864969201,12,0,25,5,6
150.257627487412,206.3277318700729,2,pink_worm,32.97207675374466,12,0,25,5,6
110.36654095792443,210.24125479503854,2,pink_worm,33.44057342540129,12,0,25,5,6
136.0998521857789,206.00141644167792,2,pink_worm,31.02438810251199,12,0,25,5,6
99.63100890728003,211.36576400119566,2,pink_worm,35.70889615491622,12,0,25,5,6
175.14526549942997,207.6624218190055,2,pink_worm,31.334787394544488,12,0,25,5,6
96.17048331891182,212.181761166626,2,pink_worm,36.2876195095436,12,0,25,5,6
138.11068613484215,207.30938502040922,2,pink_worm,34.1812750163213,12,0,25,5,6
97.25401506364594,208.18573669198716,2,pink_worm,33.48248789153921,12,0,25,5,6
125.94311617289549,204.1428964115891,2,pink_worm,40.71848762805455,12,0,25,5,6
139.0213067759401,204.3179844544313,2,pink_worm,30.39809877843009,12,0,25,5,6
157.53452634337813,208.43269870363923,2,pink_worm,36.44799643650213,12,0,25,5,6
155.0853950758476,204.16629569567894,2,pink_worm,33.05194127710453,12,0,25,5,6
100.59703643152312,210.0192361572059,2,pink_worm,31.107139810221184,12,0,25,5,6
110.39926716976595,208.1379020265643,2,pink_worm,33.199648371563796,12,0,25,5,6
74.77853748561941,212.46539359360273,2,pink_worm,39.53844244515422,12,0,25,5,6
135.96104769479797,208.73823878063064,2,pink_worm,36.93313682830336,12,0,25,5,6
155.31003897527677,204.0594957628991,2,pink_worm,37.002147217444865,12,0,25,5,6
77.27740676863183,208.61483835807914,2,pink_worm,36.14342686989542,12,0,25,5,6
130.80002262001713,211.37498950758646,2,pink_worm,37.79093135585002,12,0,25,5,6
145.40456318147434,204.3245348892013,2,pink_worm,34.44363292338153,12,0,25,5,6
88.39352764731152,207.0880812335856,2,pink_worm,37.17148930369187,12,0,25,5,6
112.08707804739666,212.3635251685394,2,pink_worm,39.55145502031489,12,0,25,5,6
91.9152015095699,209.60256910633345,2,pink_worm,33.313252489805265,12,0,25,5,6
88.05864612827523,206.4835368546097,2,pink_worm,28.441241046373694,12,0,25,5,6
172.42076685841715,213.04079463058554,2,pink_worm,38.56773420027944,12,0,25,5,6
79.8652445760438,204.12151956779778,2,pink_worm,30.273788053276782,12,0,25,5,6
110.26254829057481,206.62715564491972,2,pink_worm,32.11043394777074,12,0,25,5,6
125.12964468046374,204.77786393334736,2,pink_worm,40.480298820297044,12,0,25,5,6
144.8895684367145,205.43744914689916,2,pink_worm,35.8286661296076,12,0,25,5,6
79.35806059663724,207.00373920345203,2,pink_worm,34.732527316654526,12,0,25,5,6
130.62691971193044,212.55557713901774,2,pink_worm,36.13064394162147,12,0,25,5,6
81.34183258368068,213.19412640356376,2,pink_worm,36.077589401538184,12,0,25,5,6
141.93040884716677,207.29973536701033,2,pink_worm,34.668400082689075,12,0,25,5,6
78.69062957502221,207.64873075501546,2,pink_worm,32.14731923756337,12,0,25,5,6
89.47166751751038,204.56816924386857,2,pink_worm,33.598190620171444,12,0,25,5,6
104.33127227488527,205.1676423700364,2,pink_worm,37.13359689454391,12,0,25,5,6
107.47943670455203,207.29028186363323,2,pink_worm,33.48032802805275,12,0,25,5,6
86.48025556519237,212.18089701567104,2,pink_worm,33.43991018861033,12,0,25,5,6
86.70740923068851,205.42215918973096,2,pink_worm,34.13755553919937,12,0,25,5,6
131.63787428635334,209.82472493936834,2,pink_worm,32.47776449232279,12,0,25,5,6
144.28018308110427,208.84475333231433,2,pink_worm,34.52989091616517,12,0,25,5,6
147.410958590005,204.66508674177916,2,pink_worm,36.023534997707884,12,0,25,5,6
126.3760522709403,211.438437019354,2,pink_worm,35.138957773989375,12,0,25,5,6
85.9219553743319,211.35960400100487,2,pink_worm,38.97668149662404,12,0,25,5,6
75.31873242515113,211.3935106182775,2,pink_worm,34.18216588739578,12,0,25,5,6
128.9207810943672,204.8159139162121,2,pink_worm,28.788589126995138,12,0,25,5,6
75.29496724249623,204.65638818337771,2,pink_worm,34.137154434829455,12,0,25,5,6
130.2037123638363,211.54977714813447,2,pink_worm,38.89715561361156,12,0,25,5,6
167.4915378744418,210.12457906522508,2,pink_worm,32.125835563799086,12,0,25,5,6
95.56908532960104,205.7779776666008,2,pink_worm,37.43699112088263,12,0,25,5,6
91.7090896551841,209.82753384083406,2,pink_worm,31.463364627179402,12,0,25,5,6
155.21309171765597,204.03181924448765,2,pink_worm,34.91846513780861,12,0,25,5,6
170.74882002116453,209.24045506612714,2,pink_worm,32.393101808688996,12,0,25,5,6
121.95700492835144,210.30174249546903,2,pink_worm,32.9019647970853,12,0,25,5,6
108.29722365702338,204.22945827641567,2,pink_worm,35.81300370358885,12,0,25,5,6
152.69270181936741,212.95364533801157,2,pink_worm,35.814376356553836,12,0,25,5,6
97.16567871906192,205.54183952469424,2,pink_worm,31.532960604972452,12,0,25,5,6
72.96955917953959,208.1935847179418,2,pink_worm,41.436366351733284,12,0,25,5,6
103.86842311842406,205.65562201660305,2,pink_worm,37.037310127004304,12,0,25,5,6
147.30156364423718,205.4694066941283,2,pink_worm,34.275958241367974,12,0,25,5,6
138.8641530928652,209.21432710682924,2,pink_worm,37.744739851607164,12,0,25,5,6
122.07228330663133,208.72809339205202,2,pink_worm,35.24273220685535,12,0,25,5,6
141.51453955860836,204.37994013742377,2,pink_worm,39.584977199212446,12,0,25,5,6
155.67681405124785,205.2804276400697,2,pink_worm,36.404643364517284,12,0,25,5,6
107.54015652113573,206.4658385077367,2,pink_worm,34.89486442783447,12,0,25,5,6
95.64224880056128,213.38929703398284,2,pink_worm,40.59331331423894,12,0,25,5,6
171.6040682283831,204.78881429945895,2,pink_worm,32.01471018259046,12,0,25,5,6
163.57688349143478,207.33352750891086,2,pink_worm,30.316865459372035,12,0,25,5,6
170.7723319334432,206.95642094955122,2,pink_worm,31.297166554662198,12,0,25,5,6
167.59773626210642,211.06694299266027,2,pink_worm,37.690625219317994,12,0,25,5,6
121.40952017603513,211.854322142324,2,pink_worm,33.969776138648754,12,0,25,5,6
147.37103022114508,205.8647100747091,2,pink_worm,34.37491009899186,12,0,25,5,6
143.62202199642888,210.51698811852103,2,pink_worm,37.09140960934512,12,0,25,5,6
105.17232206150922,204.18276481893875,2,pink_worm,34.94857500824611,12,0,25,5,6
74.01870073663812,207.68511163880586,2,pink_worm,34.83291015194577,12,0,25,5,6
116.8392110930771,205.29534175222238,2,pink_worm,32.37297203966583,12,0,25,5,6
104.98399893107282,208.6809945132509,2,pink_worm,37.288139058876126,12,0,25,5,6
146.00312428650736,205.1680127200479,2,pink_worm,32.96166722623271,12,0,25,5,6
168.3497693592335,207.09876305870688,2,pink_worm,35.983459442643095,12,0,25,5,6
92.53708951784733,206.84079152671907,2,pink_worm,32.56549190927106,12,0,25,5,6
97.1192684546164,205.82422710069295,2,pink_worm,33.41370726748204,12,0,25,5,6
169.5578045355166,211.45327199316912,2,pink_worm,31.971247574829633,12,0,25,5,6
84.97206704273417,206.5204491983806,2,pink_worm,33.89699647544401,12,0,25,5,6
114.5147117199573,209.50886691961514,2,pink_worm,34.1049945343064,12,0,25,5,6
95.84730681699057,212.99314496733436,2,pink_worm,37.93095200407817,12,0,25,5,6
122.25,203.99999989999998,0,line,0,0,0,0,0,0
159.3134154745706,205.90285291357017,2,pink_worm,40.43184334616013,12,0,25,5,6
144.22002849369113,211.14995186434376,2,pink_worm,32.95734944191361,12,0,25,5,6
94.4930119068343,212.72350241996327,2,pink_worm,34.08409118804427,12,0,25,5,6
138.32406407178314,204.8440148340387,2,pink_worm,37.45351907497353,12,0,25,5,6
160.64952511899497,207.36335813543047,2,pink_worm,36.36188327769676,12,0,25,5,6
135.25755178940543,207.32879603422725,2,pink_worm,37.02565078781145,12,0,25,5,6
131.20282801933638,204.78623369384553,2,pink_worm,33.326642207345515,12,0,25,5,6
157.40939453699664,210.06265751607225,2,pink_worm,36.14904429018078,12,0,25,5,6
146.47307542810861,211.09388243140765,2,pink_worm,30.282410647623525,12,0,25,5,6
170.62442636279388,209.3541743431727,2,pink_worm,33.13706912145104,12,0,25,5,6
117.34982047580561,207.56951101458003,2,pink_worm,33.96225126001919,12,0,25,5,6
158.33886212303003,208.64126131298545,2,pink_worm,36.80357981787079,12,0,25,5,6
103.66410953025559,204.03129981736296,2,pink_worm,37.10813877954902,12,0,25,5,6
141.06709890202515,212.430381742474,2,pink_worm,37.391216049676466,12,0,25,5,6
84.31575163932811,211.7506657561529,2,pink_worm,37.30694630303908,12,0,25,5,6
132.1878286254347,205.20541703542463,2,pink_worm,33.64888586108624,12,0,25,5,6
144.61522902356677,209.17502466212824,2,pink_worm,34.96962485820491,12,0,25,5,6
168.7124775508784,213.46874426549488,2,pink_worm,32.11392545048677,12,0,25,5,6
91.94246663101073,205.24351888401048,2,pink_worm,35.88830772009213,12,0,25,5,6
75.48333682347585,211.8444770285514,2,pink_worm,30.691319926032836,12,0,25,5,6
145.02314645816153,211.32752113403367,2,pink_worm,39.95100027626474,12,0,25,5,6
108.84120675459872,205.86989991544817,2,pink_worm,33.612185487441806,12,0,25,5,6
174.05010368858999,205.25182234800533,2,pink_worm,32.871184340337095,12,0,25,5,6
103.75673445191094,206.04584765398738,2,pink_worm,37.99395720790856,12,0,25,5,6
143.3141967953748,210.04560607950626,2,pink_worm,38.99763757290577,12,0,25,5,6
119.8372781089368,204.28347565341457,2,pink_worm,32.50269829796811,12,0,25,5,6
124.46811977059228,204.96208307740187,2,pink_worm,31.773295334275936,12,0,25,5,6
74.39100402216694,211.31316832220799,2,pink_worm,30.566983353681547,12,0,25,5,6
97.55904766293838,208.28068947574457,2,pink_worm,33.80042676925262,12,0,25,5,6
108.59739828160778,212.02122540037567,2,pink_worm,28.757113528496234,12,0,25,5,6
103.73136855285225,204.0652319261388,2,pink_worm,32.704409223185884,12,0,25,5,6
70.5355386866185,211.50090498088417,2,pink_worm,37.26832259016922,12,0,25,5,6
76.50940924261202,205.50183706264542,2,pink_worm,30.43048163219114,12,0,25,5,6
80.65353913297872,213.40407904794984,2,pink_worm,36.60536447546407,12,0,25,5,6
145.55526498874565,209.36757261837332,2,pink_worm,37.202057765134626,12,0,25,5,6
168.43241148313626,209.33140507500212,2,pink_worm,37.1835748044091,12,0,25,5,6
102.46645961850462,211.45144784934124,2,pink_worm,32.596685391162254,12,0,25,5,6
86.82788848026333,206.11126015123847,2,pink_worm,30.47741441700566,12,0,25,5,6
130.6354354906514,209.45266315060937,2,pink_worm,34.65934927294418,12,0,25,5,6
167.90215806873027,212.5791057801571,2,pink_worm,36.39083267142151,12,0,25,5,6
161.30774489443712,213.15004546665716,2,pink_worm,33.202923811652255,12,0,25,5,6
158.1231580604709,208.41417386652765,2,pink_worm,37.22266363111915,12,0,25,5,6
113.35520849287977,206.73401071272076,2,pink_worm,36.64929700425888,12,0,25,5,6
134.19883402181642,208.32025422950593,2,pink_worm,38.66279229427083,12,0,25,5,6
147.58063631589008,208.75194387860464,2,pink_worm,35.514557650650914,12,0,25,5,6
172.11514193620343,204.30602774202345,2,pink_worm,32.496981334187105,12,0,25,5,6
170.57724913599066,211.0418885508941,2,pink_worm,38.342410708080195,12,0,25,5,6
111.94814010659618,209.9906728077311,2,pink_worm,38.298113497107224,12,0,25,5,6
145.88369059748396,210.85433770680154,2,pink_worm,36.183035656636186,12,0,25,5,6
89.19188061775824,211.14339244564889,2,pink_worm,34.120132117806335,12,0,25,5,6
170.34912735206623,207.40660915731755,2,pink_worm,32.69288013618431,12,0,25,5,6
169.32776566811762,206.44658209135747,2,pink_worm,35.72400723106645,12,0,25,5,6
146.2231581559779,205.50775320011581,2,pink_worm,29.207800065971597,12,0,25,5,6
73.83032802873981,204.92898341652705,2,pink_worm,35.204913662764824,12,0,25,5,6
122.77704685101978,212.65723833105787,2,pink_worm,35.60695678791143,12,0,25,5,6
155.39019495846924,210.67762501668267,2,pink_worm,32.36805446507522,12,0,25,5,6
92.32603032698552,209.45551572990024,2,pink_worm,38.092605043429735,12,0,25,5,6
80.71274206873264,204.33216279965083,2,pink_worm,30.329370378047738,12,0,25,5,6
77.72618822462265,205.36418380255327,2,pink_worm,31.771080135518385,12,0,25,5,6
91.45233010833712,204.34640951686808,2,pink_worm,40.161598992903684,12,0,25,5,6
154.6029958340037,209.11392761221188,2,pink_worm,29.32119249877434,12,0,25,5,6
91.75266828995869,206.13280399826266,2,pink_worm,39.507154996116746,12,0,25,5,6
153.38910379055358,207.03617156111687,2,pink_worm,34.49820186227684,12,0,25,5,6
108.26421292115947,208.76347271769453,2,pink_worm,28.48564345888151,12,0,25,5,6
175.63008533402132,210.21183595259518,2,pink_worm,39.106130062902196,12,0,25,5,6
141.6239066079917,206.9008088936345,2,pink_worm,37.28514520567926,12,0,25,5,6
148.98856863737322,209.81870802148828,2,pink_worm,35.49515365901859,12,0,25,5,6
154.2230053601901,205.77639509266803,2,pink_worm,35.464486679134126,12,0,25,5,6
114.53055551520268,211.8670353521416,2,pink_worm,32.12194403209881,12,0,25,5,6
102.28275834256142,209.73430613394964,2,pink_worm,37.074098937486845,12,0,25,5,6
81.16222905074046,211.3626555071315,2,pink_worm,34.24699512481724,12,0,25,5,6
71.82390611782617,204.42714016838312,2,pink_worm,37.12755077381664,12,0,25,5,6
125.3552686716866,205.8176649675168,2,pink_worm,30.460845496031247,12,0,25,5,6
135.24638583234136,209.21928415848444,2,pink_worm,34.12707901775862,12,0,25,5,6
99.5389314715842,209.31561628024005,2,pink_worm,28.013491485812686,12,0,25,5,6
128.2203324269278,213.4117082669522,2,pink_worm,34.199147095933085,12,0,25,5,6
74.40903712883903,208.95564696978727,2,pink_worm,36.64174263171934,12,0,25,5,6
70.35327016403318,207.030877263324,2,pink_worm,33.9415702833029,12,0,25,5,6
154.0551541046994,211.74092208286092,2,pink_worm,33.28049763182719,12,0,25,5,6
163.29896350630025,204.96731594235084,2,pink_worm,36.980316357705135,12,0,25,5,6
76.12995112137486,210.80682917306137,2,pink_worm,32.507547675935385,12,0,25,5,6
139.78010049118052,212.23914740134416,2,pink_worm,33.894744061221516,12,0,25,5,6
143.6616566145375,212.48728578096652,2,pink_worm,36.83571726046229,12,0,25,5,6
139.28490208731296,209.47317856115203,2,pink_worm,37.081190293174835,12,0,25,5,6
146.04076022515144,204.59430066748664,2,pink_worm,39.322933555237256,12,0,25,5,6
139.216863018895,209.30845604429925,2,pink_worm,35.124401780316504,12,0,25,5,6
99.66405810576852,204.76738964816337,2,pink_worm,36.127435628761276,12,0,25,5,6
84.4163018553348,210.92417349853005,2,pink_worm,38.42705204708281,12,0,25,5,6
152.59862008985294,207.03338212331468,2,pink_worm,37.4424028119536,12,0,25,5,6
114.22240327063639,211.14256225895335,2,pink_worm,27.113239847961765,12,0,25,5,6
114.44704379970682,204.9224427967503,2,pink_worm,38.906213879299166,12,0,25,5,6
80.17820584524077,213.2993787613321,2,pink_worm,41.69967557524377,12,0,25,5,6
126.92510979209055,207.3747319551372,2,pink_worm,36.83493863210076,12,0,25,5,6
135.3798290326027,212.56280588183938,2,pink_worm,40.57421633325453,12,0,25,5,6
162.18221503731525,210.198856852477,2,pink_worm,36.20486302314142,12,0,25,5,6
116.2563085330329,207.5821710391212,2,pink_worm,38.293101773517535,12,0,25,5,6
166.45014928793927,210.25613452199676,2,pink_worm,33.28804714895375,12,0,25,5,6
160.64206427242706,212.13013275729176,2,pink_worm,32.73422624842196,12,0,25,5,6
127.51342011269259,211.9447753867551,2,pink_worm,37.528609788887245,12,0,25,5,6
70.32909968216615,211.74782299898027,2,pink_worm,38.80393356672027,12,0,25,5,6
97.45465486539533,208.780131961879,2,pink_worm,30.138311711612328,12,0,25,5,6
89.40404599445218,205.8057900945085,2,pink_worm,30.311751952219495,12,0,25,5,6
88.16457487421607,210.98749726561573,2,pink_worm,34.37696709583109,12,0,25,5,6
142.12894653788516,204.73952100200808,2,pink_worm,35.35854378110406,12,0,25,5,6
103.9660781001681,207.93545390445792,2,pink_worm,37.35088672833355,12,0,25,5,6
137.70280911960725,211.11362785579556,2,pink_worm,29.91639177002327,12,0,25,5,6
150.9607533520217,211.3371360761632,2,pink_worm,37.76395489093399,12,0,25,5,6
96.01441367045004,211.93694203856228,2,pink_worm,32.62654186793407,12,0,25,5,6
73.4280822266305,210.56013910684732,2,pink_worm,38.217686880445754,12,0,25,5,6
123.33514135932845,204.70492106539766,2,pink_worm,34.68182484171106,12,0,25,5,6
117.90045136341615,207.32111461277722,2,pink_worm,33.02403143416741,12,0,25,5,6
121.9325515481863,211.15198972025192,2,pink_worm,40.09852859936407,12,0,25,5,6
83.36339530099966,208.46157224667547,2,pink_worm,38.27452062356713,12,0,25,5,6
147.5952226765607,204.27813043406573,2,pink_worm,34.8882235589254,12,0,25,5,6
174.18167404550508,204.82832990363326,2,pink_worm,31.824219173555466,12,0,25,5,6
124.99488621752678,206.4987339465962,2,pink_worm,32.86494240763902,12,0,25,5,6
152.73166806315936,206.15970273498587,2,pink_worm,36.63346863312275,12,0,25,5,6
89.87735067987555,209.54822204655704,2,pink_worm,38.09439628479155,12,0,25,5,6
134.18548680520468,212.0534155157603,2,pink_worm,34.611331273987815,12,0,25,5,6
174.8925320280444,207.94435542958368,2,pink_worm,34.553117334393086,12,0,25,5,6
158.32914510499427,210.90827294371334,2,pink_worm,32.31340513288144,12,0,25,5,6
166.2107641119976,205.9589264226779,2,pink_worm,40.185716963707776,12,0,25,5,6
129.62312140989746,204.53255079206536,2,pink_worm,27.287180641533368,12,0,25,5,6
144.2461148453619,208.91186425310875,2,pink_worm,31.071245374732037,12,0,25,5,6
175.67865280483372,209.55084547923158,2,pink_worm,33.678771725525834,12,0,25,5,6
109.57525610159135,204.30754423047387,2,pink_worm,33.26043833897542,12,0,25,5,6
110.70646478751004,209.9059684368243,2,pink_worm,37.901205878524266,12,0,25,5,6
83.25160520892913,206.92048496537262,2,pink_worm,33.55584306860959,12,0,25,5,6
80.49383153466476,210.48732501817042,2,pink_worm,34.78900167467981,12,0,25,5,6
126.52020147832141,211.55088899232942,2,pink_worm,31.81209074469969,12,0,25,5,6
87.8522944962583,212.25709474924986,2,pink_worm,33.906873890822176,12,0,25,5,6
151.6407309334016,208.43003740677204,2,pink_worm,33.89227259755539,12,0,25,5,6
103.91303096612117,213.1408533859597,2,pink_worm,31.612780429367334,12,0,25,5,6
106.62198839809827,208.02952724950165,2,pink_worm,31.9900730703838,12,0,25,5,6
160.93241479091722,204.69349239702788,2,pink_worm,34.3474015371896,12,0,25,5,6
131.77026627657472,206.63737331422607,2,pink_worm,30.886024741396287,12,0,25,5,6
76.1311959455381,205.76368251697676,2,pink_worm,38.156618769210056,12,0,25,5,6
138.2993998894793,205.38412490288005,2,pink_worm,37.62469455240017,12,0,25,5,6
171.02190581590762,210.13618788441656,2,pink_worm,33.097784618037835,12,0,25,5,6
106.09865558535361,213.4669401741283,2,pink_worm,39.95018896046787,12,0,25,5,6
110.27853273775808,208.5188317242194,2,pink_worm,35.540255379649594,12,0,25,5,6
89.63670050845347,205.28809454499577,2,pink_worm,38.808550457203616,12,0,25,5,6
85.97859720228183,206.61287063228636,2,pink_worm,28.88638646127606,12,0,25,5,6
170.82554385580437,210.5353421119794,2,pink_worm,35.72704779953684,12,0,25,5,6
169.94973047243707,211.92156543734689,2,pink_worm,35.23598112563995,12,0,25,5,6
170.4844587085316,209.22173730656897,2,pink_worm,40.49486363465289,12,0,25,5,6
144.9530499792813,207.664222568793,2,pink_worm,32.889883047001206,12,0,25,5,6
171.5383628038146,208.4402845995863,2,pink_worm,33.89063849078562,12,0,25,5,6
147.59430559179222,213.3824752938432,2,pink_worm,39.002394842758775,12,0,25,5,6
78.02527995133529,208.97186210370955,2,pink_worm,35.178998530228114,12,0,25,5,6
75.82693969196954,208.05384803389052,2,pink_worm,30.401332672025468,12,0,25,5,6
135.2716755573183,209.05275255367025,2,pink_worm,31.68318539231955,12,0,25,5,6
171.89903745415637,213.29307526447403,2,pink_worm,35.38027286105723,12,0,25,5,6
86.04577404743699,205.41231783004127,2,pink_worm,36.654163755284344,12,0,25,5,6
99.30717702123547,206.90534639504378,2,pink_worm,40.26253196097789,12,0,25,5,6
121.25151727018465,212.69136011124505,2,pink_worm,37.15857601601575,12,0,25,5,6
69.84338017338382,211.5858071744036,2,pink_worm,34.37102132105433,12,0,25,5,6
72.64386683593635,210.07612646298102,2,pink_worm,29.834452285658074,12,0,25,5,6
163.72852255506822,211.89941533696054,2,pink_worm,33.67730746397072,12,0,25,5,6
119.96169900407979,206.83723733216877,2,pink_worm,34.485442732281044,12,0,25,5,6
117.85891663728597,204.407586569714,2,pink_worm,39.362753335247135,12,0,25,5,6
120.05171475547871,210.40561568569217,2,pink_worm,35.65313167688643,12,0,25,5,6
141.30434873006067,211.86713989945443,2,pink_worm,36.85536543591033,12,0,25,5,6
141.4571437419679,206.3344375032012,2,pink_worm,32.3064906499515,12,0,25,5,6
69.18283788458047,212.81397646778015,2,pink_worm,35.14544999410037,12,0,25,5,6
141.91351353031993,210.7986288900355,2,pink_worm,36.74506030737028,12,0,25,5,6
150.29245605446417,213.33365527508388,2,pink_worm,36.01775771847832,12,0,25,5,6
93.48146641618449,206.64330056052003,2,pink_worm,34.68010974765447,12,0,25,5,6
145.59972435358713,205.30872023739852,2,pink_worm,36.15942674494272,12,0,25,5,6
95.83020916229982,208.76916466821947,2,pink_worm,31.661728627945525,12,0,25,5,6
138.43205056099106,211.35073759777524,2,pink_worm,33.93599659059533,12,0,25,5,6
70.6945841260347,207.0663561033537,2,pink_worm,34.883375647932866,12,0,25,5,6
94.05131550140521,210.67362055201252,2,pink_worm,35.26022799193446,12,0,25,5,6
106.79255634868689,205.1086526889846,2,pink_worm,31.81309438493692,12,0,25,5,6
149.10421087251802,212.6509941709814,2,pink_worm,36.74095706209266,12,0,25,5,6
70.59326374809277,208.6427957902632,2,pink_worm,33.075653406460766,12,0,25,5,6
71.67014333981633,206.1076829877364,2,pink_worm,34.287075611745735,12,0,25,5,6
123.012483193147,208.6580404200799,2,pink_worm,35.16009314617705,12,0,25,5,6
